,ActivitySourceName,Activity,SectorSourceName,Sector,SectorType,Notes
4,BTS_TSA,111CA,NAICS_2012_Code,11111,,
5,BTS_TSA,111CA,NAICS_2012_Code,111110,,
6,BTS_TSA,111CA,NAICS_2012_Code,11112,,
7,BTS_TSA,111CA,NAICS_2012_Code,111120,,
8,BTS_TSA,111CA,NAICS_2012_Code,11113,,
9,BTS_TSA,111CA,NAICS_2012_Code,111130,,
10,BTS_TSA,111CA,NAICS_2012_Code,11114,,
11,BTS_TSA,111CA,NAICS_2012_Code,111140,,
12,BTS_TSA,111CA,NAICS_2012_Code,11115,,
13,BTS_TSA,111CA,NAICS_2012_Code,111150,,
14,BTS_TSA,111CA,NAICS_2012_Code,11116,,
15,BTS_TSA,111CA,NAICS_2012_Code,111160,,
16,BTS_TSA,111CA,NAICS_2012_Code,11119,,
17,BTS_TSA,111CA,NAICS_2012_Code,111191,,
18,BTS_TSA,111CA,NAICS_2012_Code,111199,,
20,BTS_TSA,111CA,NAICS_2012_Code,11121,,
21,BTS_TSA,111CA,NAICS_2012_Code,111211,,
22,BTS_TSA,111CA,NAICS_2012_Code,111219,,
24,BTS_TSA,111CA,NAICS_2012_Code,11131,,
25,BTS_TSA,111CA,NAICS_2012_Code,111310,,
26,BTS_TSA,111CA,NAICS_2012_Code,11132,,
27,BTS_TSA,111CA,NAICS_2012_Code,111320,,
28,BTS_TSA,111CA,NAICS_2012_Code,11133,,
29,BTS_TSA,111CA,NAICS_2012_Code,111331,,
30,BTS_TSA,111CA,NAICS_2012_Code,111332,,
31,BTS_TSA,111CA,NAICS_2012_Code,111333,,
32,BTS_TSA,111CA,NAICS_2012_Code,111334,,
33,BTS_TSA,111CA,NAICS_2012_Code,111335,,
34,BTS_TSA,111CA,NAICS_2012_Code,111336,,
35,BTS_TSA,111CA,NAICS_2012_Code,111339,,
37,BTS_TSA,111CA,NAICS_2012_Code,11141,,
38,BTS_TSA,111CA,NAICS_2012_Code,111411,,
39,BTS_TSA,111CA,NAICS_2012_Code,111419,,
40,BTS_TSA,111CA,NAICS_2012_Code,11142,,
41,BTS_TSA,111CA,NAICS_2012_Code,111421,,
42,BTS_TSA,111CA,NAICS_2012_Code,111422,,
44,BTS_TSA,111CA,NAICS_2012_Code,11191,,
45,BTS_TSA,111CA,NAICS_2012_Code,111910,,
46,BTS_TSA,111CA,NAICS_2012_Code,11192,,
47,BTS_TSA,111CA,NAICS_2012_Code,111920,,
48,BTS_TSA,111CA,NAICS_2012_Code,11193,,
49,BTS_TSA,111CA,NAICS_2012_Code,111930,,
50,BTS_TSA,111CA,NAICS_2012_Code,11194,,
51,BTS_TSA,111CA,NAICS_2012_Code,111940,,
52,BTS_TSA,111CA,NAICS_2012_Code,11199,,
53,BTS_TSA,111CA,NAICS_2012_Code,111991,,
54,BTS_TSA,111CA,NAICS_2012_Code,111992,,
55,BTS_TSA,111CA,NAICS_2012_Code,111998,,
58,BTS_TSA,111CA,NAICS_2012_Code,11211,,
59,BTS_TSA,111CA,NAICS_2012_Code,112111,,
60,BTS_TSA,111CA,NAICS_2012_Code,112112,,
61,BTS_TSA,111CA,NAICS_2012_Code,11212,,
62,BTS_TSA,111CA,NAICS_2012_Code,112120,,
63,BTS_TSA,111CA,NAICS_2012_Code,11213,,
64,BTS_TSA,111CA,NAICS_2012_Code,112130,,
66,BTS_TSA,111CA,NAICS_2012_Code,11221,,
67,BTS_TSA,111CA,NAICS_2012_Code,112210,,
69,BTS_TSA,111CA,NAICS_2012_Code,11231,,
70,BTS_TSA,111CA,NAICS_2012_Code,112310,,
71,BTS_TSA,111CA,NAICS_2012_Code,11232,,
72,BTS_TSA,111CA,NAICS_2012_Code,112320,,
73,BTS_TSA,111CA,NAICS_2012_Code,11233,,
74,BTS_TSA,111CA,NAICS_2012_Code,112330,,
75,BTS_TSA,111CA,NAICS_2012_Code,11234,,
76,BTS_TSA,111CA,NAICS_2012_Code,112340,,
77,BTS_TSA,111CA,NAICS_2012_Code,11239,,
78,BTS_TSA,111CA,NAICS_2012_Code,112390,,
80,BTS_TSA,111CA,NAICS_2012_Code,11241,,
81,BTS_TSA,111CA,NAICS_2012_Code,112410,,
82,BTS_TSA,111CA,NAICS_2012_Code,11242,,
83,BTS_TSA,111CA,NAICS_2012_Code,112420,,
85,BTS_TSA,111CA,NAICS_2012_Code,11251,,
86,BTS_TSA,111CA,NAICS_2012_Code,112511,,
87,BTS_TSA,111CA,NAICS_2012_Code,112512,,
88,BTS_TSA,111CA,NAICS_2012_Code,112519,,
90,BTS_TSA,111CA,NAICS_2012_Code,11291,,
91,BTS_TSA,111CA,NAICS_2012_Code,112910,,
92,BTS_TSA,111CA,NAICS_2012_Code,11292,,
93,BTS_TSA,111CA,NAICS_2012_Code,112920,,
94,BTS_TSA,111CA,NAICS_2012_Code,11293,,
95,BTS_TSA,111CA,NAICS_2012_Code,112930,,
96,BTS_TSA,111CA,NAICS_2012_Code,11299,,
97,BTS_TSA,111CA,NAICS_2012_Code,112990,,
100,BTS_TSA,113FF,NAICS_2012_Code,11311,,
101,BTS_TSA,113FF,NAICS_2012_Code,113110,,
103,BTS_TSA,113FF,NAICS_2012_Code,11321,,
104,BTS_TSA,113FF,NAICS_2012_Code,113210,,
106,BTS_TSA,113FF,NAICS_2012_Code,11331,,
107,BTS_TSA,113FF,NAICS_2012_Code,113310,,
110,BTS_TSA,113FF,NAICS_2012_Code,11411,,
111,BTS_TSA,113FF,NAICS_2012_Code,114111,,
112,BTS_TSA,113FF,NAICS_2012_Code,114112,,
113,BTS_TSA,113FF,NAICS_2012_Code,114119,,
115,BTS_TSA,113FF,NAICS_2012_Code,11421,,
116,BTS_TSA,113FF,NAICS_2012_Code,114210,,
119,BTS_TSA,113FF,NAICS_2012_Code,11511,,
120,BTS_TSA,113FF,NAICS_2012_Code,115111,,
121,BTS_TSA,113FF,NAICS_2012_Code,115112,,
122,BTS_TSA,113FF,NAICS_2012_Code,115113,,
123,BTS_TSA,113FF,NAICS_2012_Code,115114,,
124,BTS_TSA,113FF,NAICS_2012_Code,115115,,
125,BTS_TSA,113FF,NAICS_2012_Code,115116,,
127,BTS_TSA,113FF,NAICS_2012_Code,11521,,
128,BTS_TSA,113FF,NAICS_2012_Code,115210,,
130,BTS_TSA,113FF,NAICS_2012_Code,11531,,
131,BTS_TSA,113FF,NAICS_2012_Code,115310,,
135,BTS_TSA,211,NAICS_2012_Code,211,,
136,BTS_TSA,211,NAICS_2012_Code,2111,,
137,BTS_TSA,211,NAICS_2012_Code,21111,,
138,BTS_TSA,211,NAICS_2012_Code,211111,,
139,BTS_TSA,211,NAICS_2012_Code,211112,,
140,BTS_TSA,212,NAICS_2012_Code,212,,
141,BTS_TSA,212,NAICS_2012_Code,2121,,
142,BTS_TSA,212,NAICS_2012_Code,21211,,
143,BTS_TSA,212,NAICS_2012_Code,212111,,
144,BTS_TSA,212,NAICS_2012_Code,212112,,
145,BTS_TSA,212,NAICS_2012_Code,212113,,
146,BTS_TSA,212,NAICS_2012_Code,2122,,
147,BTS_TSA,212,NAICS_2012_Code,21221,,
148,BTS_TSA,212,NAICS_2012_Code,212210,,
149,BTS_TSA,212,NAICS_2012_Code,21222,,
150,BTS_TSA,212,NAICS_2012_Code,212221,,
151,BTS_TSA,212,NAICS_2012_Code,212222,,
152,BTS_TSA,212,NAICS_2012_Code,21223,,
153,BTS_TSA,212,NAICS_2012_Code,212231,,
154,BTS_TSA,212,NAICS_2012_Code,212234,,
155,BTS_TSA,212,NAICS_2012_Code,21229,,
156,BTS_TSA,212,NAICS_2012_Code,212291,,
157,BTS_TSA,212,NAICS_2012_Code,212299,,
158,BTS_TSA,212,NAICS_2012_Code,2123,,
159,BTS_TSA,212,NAICS_2012_Code,21231,,
160,BTS_TSA,212,NAICS_2012_Code,212311,,
161,BTS_TSA,212,NAICS_2012_Code,212312,,
162,BTS_TSA,212,NAICS_2012_Code,212313,,
163,BTS_TSA,212,NAICS_2012_Code,212319,,
164,BTS_TSA,212,NAICS_2012_Code,21232,,
165,BTS_TSA,212,NAICS_2012_Code,212321,,
166,BTS_TSA,212,NAICS_2012_Code,212322,,
167,BTS_TSA,212,NAICS_2012_Code,212324,,
168,BTS_TSA,212,NAICS_2012_Code,212325,,
169,BTS_TSA,212,NAICS_2012_Code,21239,,
170,BTS_TSA,212,NAICS_2012_Code,212391,,
171,BTS_TSA,212,NAICS_2012_Code,212392,,
172,BTS_TSA,212,NAICS_2012_Code,212393,,
173,BTS_TSA,212,NAICS_2012_Code,212399,,
174,BTS_TSA,213,NAICS_2012_Code,213,,
175,BTS_TSA,213,NAICS_2012_Code,2131,,
176,BTS_TSA,213,NAICS_2012_Code,21311,,
177,BTS_TSA,213,NAICS_2012_Code,213111,,
178,BTS_TSA,213,NAICS_2012_Code,213112,,
179,BTS_TSA,213,NAICS_2012_Code,213113,,
180,BTS_TSA,213,NAICS_2012_Code,213114,,
181,BTS_TSA,213,NAICS_2012_Code,213115,,
182,BTS_TSA,22,NAICS_2012_Code,22,,
183,BTS_TSA,22,NAICS_2012_Code,221,,
184,BTS_TSA,22,NAICS_2012_Code,2211,,
185,BTS_TSA,22,NAICS_2012_Code,22111,,
186,BTS_TSA,22,NAICS_2012_Code,221111,,
187,BTS_TSA,22,NAICS_2012_Code,221112,,
188,BTS_TSA,22,NAICS_2012_Code,221113,,
189,BTS_TSA,22,NAICS_2012_Code,221114,,
190,BTS_TSA,22,NAICS_2012_Code,221115,,
191,BTS_TSA,22,NAICS_2012_Code,221116,,
192,BTS_TSA,22,NAICS_2012_Code,221117,,
193,BTS_TSA,22,NAICS_2012_Code,221118,,
194,BTS_TSA,22,NAICS_2012_Code,22112,,
195,BTS_TSA,22,NAICS_2012_Code,221121,,
196,BTS_TSA,22,NAICS_2012_Code,221122,,
197,BTS_TSA,22,NAICS_2012_Code,2212,,
198,BTS_TSA,22,NAICS_2012_Code,22121,,
199,BTS_TSA,22,NAICS_2012_Code,221210,,
200,BTS_TSA,22,NAICS_2012_Code,2213,,
201,BTS_TSA,22,NAICS_2012_Code,22131,,
202,BTS_TSA,22,NAICS_2012_Code,221310,,
203,BTS_TSA,22,NAICS_2012_Code,22132,,
204,BTS_TSA,22,NAICS_2012_Code,221320,,
205,BTS_TSA,22,NAICS_2012_Code,22133,,
206,BTS_TSA,22,NAICS_2012_Code,221330,,
207,BTS_TSA,23,NAICS_2012_Code,23,,
208,BTS_TSA,23,NAICS_2012_Code,236,,
209,BTS_TSA,23,NAICS_2012_Code,2361,,
210,BTS_TSA,23,NAICS_2012_Code,23611,,
211,BTS_TSA,23,NAICS_2012_Code,236115,,
212,BTS_TSA,23,NAICS_2012_Code,236116,,
213,BTS_TSA,23,NAICS_2012_Code,236117,,
214,BTS_TSA,23,NAICS_2012_Code,236118,,
215,BTS_TSA,23,NAICS_2012_Code,2362,,
216,BTS_TSA,23,NAICS_2012_Code,23621,,
217,BTS_TSA,23,NAICS_2012_Code,236210,,
218,BTS_TSA,23,NAICS_2012_Code,23622,,
219,BTS_TSA,23,NAICS_2012_Code,236220,,
220,BTS_TSA,23,NAICS_2012_Code,237,,
221,BTS_TSA,23,NAICS_2012_Code,2371,,
222,BTS_TSA,23,NAICS_2012_Code,23711,,
223,BTS_TSA,23,NAICS_2012_Code,237110,,
224,BTS_TSA,23,NAICS_2012_Code,23712,,
225,BTS_TSA,23,NAICS_2012_Code,237120,,
226,BTS_TSA,23,NAICS_2012_Code,23713,,
227,BTS_TSA,23,NAICS_2012_Code,237130,,
228,BTS_TSA,23,NAICS_2012_Code,2372,,
229,BTS_TSA,23,NAICS_2012_Code,23721,,
230,BTS_TSA,23,NAICS_2012_Code,237210,,
231,BTS_TSA,23,NAICS_2012_Code,2373,,
232,BTS_TSA,23,NAICS_2012_Code,23731,,
233,BTS_TSA,23,NAICS_2012_Code,237310,,
234,BTS_TSA,23,NAICS_2012_Code,2379,,
235,BTS_TSA,23,NAICS_2012_Code,23799,,
236,BTS_TSA,23,NAICS_2012_Code,237990,,
237,BTS_TSA,23,NAICS_2012_Code,238,,
238,BTS_TSA,23,NAICS_2012_Code,2381,,
239,BTS_TSA,23,NAICS_2012_Code,23811,,
240,BTS_TSA,23,NAICS_2012_Code,238110,,
241,BTS_TSA,23,NAICS_2012_Code,23812,,
242,BTS_TSA,23,NAICS_2012_Code,238120,,
243,BTS_TSA,23,NAICS_2012_Code,23813,,
244,BTS_TSA,23,NAICS_2012_Code,238130,,
245,BTS_TSA,23,NAICS_2012_Code,23814,,
246,BTS_TSA,23,NAICS_2012_Code,238140,,
247,BTS_TSA,23,NAICS_2012_Code,23815,,
248,BTS_TSA,23,NAICS_2012_Code,238150,,
249,BTS_TSA,23,NAICS_2012_Code,23816,,
250,BTS_TSA,23,NAICS_2012_Code,238160,,
251,BTS_TSA,23,NAICS_2012_Code,23817,,
252,BTS_TSA,23,NAICS_2012_Code,238170,,
253,BTS_TSA,23,NAICS_2012_Code,23819,,
254,BTS_TSA,23,NAICS_2012_Code,238190,,
255,BTS_TSA,23,NAICS_2012_Code,2382,,
256,BTS_TSA,23,NAICS_2012_Code,23821,,
257,BTS_TSA,23,NAICS_2012_Code,238210,,
258,BTS_TSA,23,NAICS_2012_Code,23822,,
259,BTS_TSA,23,NAICS_2012_Code,238220,,
260,BTS_TSA,23,NAICS_2012_Code,23829,,
261,BTS_TSA,23,NAICS_2012_Code,238290,,
262,BTS_TSA,23,NAICS_2012_Code,2383,,
263,BTS_TSA,23,NAICS_2012_Code,23831,,
264,BTS_TSA,23,NAICS_2012_Code,238310,,
265,BTS_TSA,23,NAICS_2012_Code,23832,,
266,BTS_TSA,23,NAICS_2012_Code,238320,,
267,BTS_TSA,23,NAICS_2012_Code,23833,,
268,BTS_TSA,23,NAICS_2012_Code,238330,,
269,BTS_TSA,23,NAICS_2012_Code,23834,,
270,BTS_TSA,23,NAICS_2012_Code,238340,,
271,BTS_TSA,23,NAICS_2012_Code,23835,,
272,BTS_TSA,23,NAICS_2012_Code,238350,,
273,BTS_TSA,23,NAICS_2012_Code,23839,,
274,BTS_TSA,23,NAICS_2012_Code,238390,,
275,BTS_TSA,23,NAICS_2012_Code,2389,,
276,BTS_TSA,23,NAICS_2012_Code,23891,,
277,BTS_TSA,23,NAICS_2012_Code,238910,,
278,BTS_TSA,23,NAICS_2012_Code,23899,,
279,BTS_TSA,23,NAICS_2012_Code,238990,,
285,BTS_TSA,311FT,NAICS_2012_Code,31111,,
286,BTS_TSA,311FT,NAICS_2012_Code,311111,,
287,BTS_TSA,311FT,NAICS_2012_Code,311119,,
289,BTS_TSA,311FT,NAICS_2012_Code,31121,,
290,BTS_TSA,311FT,NAICS_2012_Code,311211,,
291,BTS_TSA,311FT,NAICS_2012_Code,311212,,
292,BTS_TSA,311FT,NAICS_2012_Code,311213,,
293,BTS_TSA,311FT,NAICS_2012_Code,31122,,
294,BTS_TSA,311FT,NAICS_2012_Code,311221,,
295,BTS_TSA,311FT,NAICS_2012_Code,311224,,
296,BTS_TSA,311FT,NAICS_2012_Code,311225,,
297,BTS_TSA,311FT,NAICS_2012_Code,31123,,
298,BTS_TSA,311FT,NAICS_2012_Code,311230,,
300,BTS_TSA,311FT,NAICS_2012_Code,31131,,
301,BTS_TSA,311FT,NAICS_2012_Code,311313,,
302,BTS_TSA,311FT,NAICS_2012_Code,311314,,
303,BTS_TSA,311FT,NAICS_2012_Code,31134,,
304,BTS_TSA,311FT,NAICS_2012_Code,311340,,
305,BTS_TSA,311FT,NAICS_2012_Code,31135,,
306,BTS_TSA,311FT,NAICS_2012_Code,311351,,
307,BTS_TSA,311FT,NAICS_2012_Code,311352,,
309,BTS_TSA,311FT,NAICS_2012_Code,31141,,
310,BTS_TSA,311FT,NAICS_2012_Code,311411,,
311,BTS_TSA,311FT,NAICS_2012_Code,311412,,
312,BTS_TSA,311FT,NAICS_2012_Code,31142,,
313,BTS_TSA,311FT,NAICS_2012_Code,311421,,
314,BTS_TSA,311FT,NAICS_2012_Code,311422,,
315,BTS_TSA,311FT,NAICS_2012_Code,311423,,
317,BTS_TSA,311FT,NAICS_2012_Code,31151,,
318,BTS_TSA,311FT,NAICS_2012_Code,311511,,
319,BTS_TSA,311FT,NAICS_2012_Code,311512,,
320,BTS_TSA,311FT,NAICS_2012_Code,311513,,
321,BTS_TSA,311FT,NAICS_2012_Code,311514,,
322,BTS_TSA,311FT,NAICS_2012_Code,31152,,
323,BTS_TSA,311FT,NAICS_2012_Code,311520,,
325,BTS_TSA,311FT,NAICS_2012_Code,31161,,
326,BTS_TSA,311FT,NAICS_2012_Code,311611,,
327,BTS_TSA,311FT,NAICS_2012_Code,311612,,
328,BTS_TSA,311FT,NAICS_2012_Code,311613,,
329,BTS_TSA,311FT,NAICS_2012_Code,311615,,
331,BTS_TSA,311FT,NAICS_2012_Code,31171,,
332,BTS_TSA,311FT,NAICS_2012_Code,311710,,
334,BTS_TSA,311FT,NAICS_2012_Code,31181,,
335,BTS_TSA,311FT,NAICS_2012_Code,311811,,
336,BTS_TSA,311FT,NAICS_2012_Code,311812,,
337,BTS_TSA,311FT,NAICS_2012_Code,311813,,
338,BTS_TSA,311FT,NAICS_2012_Code,31182,,
339,BTS_TSA,311FT,NAICS_2012_Code,311821,,
340,BTS_TSA,311FT,NAICS_2012_Code,311824,,
341,BTS_TSA,311FT,NAICS_2012_Code,31183,,
342,BTS_TSA,311FT,NAICS_2012_Code,311830,,
344,BTS_TSA,311FT,NAICS_2012_Code,31191,,
345,BTS_TSA,311FT,NAICS_2012_Code,311911,,
346,BTS_TSA,311FT,NAICS_2012_Code,311919,,
347,BTS_TSA,311FT,NAICS_2012_Code,31192,,
348,BTS_TSA,311FT,NAICS_2012_Code,311920,,
349,BTS_TSA,311FT,NAICS_2012_Code,31193,,
350,BTS_TSA,311FT,NAICS_2012_Code,311930,,
351,BTS_TSA,311FT,NAICS_2012_Code,31194,,
352,BTS_TSA,311FT,NAICS_2012_Code,311941,,
353,BTS_TSA,311FT,NAICS_2012_Code,311942,,
354,BTS_TSA,311FT,NAICS_2012_Code,31199,,
355,BTS_TSA,311FT,NAICS_2012_Code,311991,,
356,BTS_TSA,311FT,NAICS_2012_Code,311999,,
359,BTS_TSA,311FT,NAICS_2012_Code,31211,,
360,BTS_TSA,311FT,NAICS_2012_Code,312111,,
361,BTS_TSA,311FT,NAICS_2012_Code,312112,,
362,BTS_TSA,311FT,NAICS_2012_Code,312113,,
363,BTS_TSA,311FT,NAICS_2012_Code,31212,,
364,BTS_TSA,311FT,NAICS_2012_Code,312120,,
365,BTS_TSA,311FT,NAICS_2012_Code,31213,,
366,BTS_TSA,311FT,NAICS_2012_Code,312130,,
367,BTS_TSA,311FT,NAICS_2012_Code,31214,,
368,BTS_TSA,311FT,NAICS_2012_Code,312140,,
370,BTS_TSA,311FT,NAICS_2012_Code,31223,,
371,BTS_TSA,311FT,NAICS_2012_Code,312230,,
374,BTS_TSA,313TT,NAICS_2012_Code,31311,,
375,BTS_TSA,313TT,NAICS_2012_Code,313110,,
377,BTS_TSA,313TT,NAICS_2012_Code,31321,,
378,BTS_TSA,313TT,NAICS_2012_Code,313210,,
379,BTS_TSA,313TT,NAICS_2012_Code,31322,,
380,BTS_TSA,313TT,NAICS_2012_Code,313220,,
381,BTS_TSA,313TT,NAICS_2012_Code,31323,,
382,BTS_TSA,313TT,NAICS_2012_Code,313230,,
383,BTS_TSA,313TT,NAICS_2012_Code,31324,,
384,BTS_TSA,313TT,NAICS_2012_Code,313240,,
386,BTS_TSA,313TT,NAICS_2012_Code,31331,,
387,BTS_TSA,313TT,NAICS_2012_Code,313310,,
388,BTS_TSA,313TT,NAICS_2012_Code,31332,,
389,BTS_TSA,313TT,NAICS_2012_Code,313320,,
392,BTS_TSA,313TT,NAICS_2012_Code,31411,,
393,BTS_TSA,313TT,NAICS_2012_Code,314110,,
394,BTS_TSA,313TT,NAICS_2012_Code,31412,,
395,BTS_TSA,313TT,NAICS_2012_Code,314120,,
397,BTS_TSA,313TT,NAICS_2012_Code,31491,,
398,BTS_TSA,313TT,NAICS_2012_Code,314910,,
399,BTS_TSA,313TT,NAICS_2012_Code,31499,,
400,BTS_TSA,313TT,NAICS_2012_Code,314994,,
401,BTS_TSA,313TT,NAICS_2012_Code,314999,,
404,BTS_TSA,315AL,NAICS_2012_Code,31511,,
405,BTS_TSA,315AL,NAICS_2012_Code,315110,,
406,BTS_TSA,315AL,NAICS_2012_Code,31519,,
407,BTS_TSA,315AL,NAICS_2012_Code,315190,,
409,BTS_TSA,315AL,NAICS_2012_Code,31521,,
410,BTS_TSA,315AL,NAICS_2012_Code,315210,,
411,BTS_TSA,315AL,NAICS_2012_Code,31522,,
412,BTS_TSA,315AL,NAICS_2012_Code,315220,,
413,BTS_TSA,315AL,NAICS_2012_Code,31524,,
414,BTS_TSA,315AL,NAICS_2012_Code,315240,,
415,BTS_TSA,315AL,NAICS_2012_Code,31528,,
416,BTS_TSA,315AL,NAICS_2012_Code,315280,,
418,BTS_TSA,315AL,NAICS_2012_Code,31599,,
419,BTS_TSA,315AL,NAICS_2012_Code,315990,,
422,BTS_TSA,315AL,NAICS_2012_Code,31611,,
423,BTS_TSA,315AL,NAICS_2012_Code,316110,,
425,BTS_TSA,315AL,NAICS_2012_Code,31621,,
426,BTS_TSA,315AL,NAICS_2012_Code,316210,,
428,BTS_TSA,315AL,NAICS_2012_Code,31699,,
429,BTS_TSA,315AL,NAICS_2012_Code,316992,,
430,BTS_TSA,315AL,NAICS_2012_Code,316998,,
438,BTS_TSA,321,NAICS_2012_Code,321,,
439,BTS_TSA,321,NAICS_2012_Code,3211,,
440,BTS_TSA,321,NAICS_2012_Code,32111,,
441,BTS_TSA,321,NAICS_2012_Code,321113,,
442,BTS_TSA,321,NAICS_2012_Code,321114,,
443,BTS_TSA,321,NAICS_2012_Code,3212,,
444,BTS_TSA,321,NAICS_2012_Code,32121,,
445,BTS_TSA,321,NAICS_2012_Code,321211,,
446,BTS_TSA,321,NAICS_2012_Code,321212,,
447,BTS_TSA,321,NAICS_2012_Code,321213,,
448,BTS_TSA,321,NAICS_2012_Code,321214,,
449,BTS_TSA,321,NAICS_2012_Code,321219,,
450,BTS_TSA,321,NAICS_2012_Code,3219,,
451,BTS_TSA,321,NAICS_2012_Code,32191,,
452,BTS_TSA,321,NAICS_2012_Code,321911,,
453,BTS_TSA,321,NAICS_2012_Code,321912,,
454,BTS_TSA,321,NAICS_2012_Code,321918,,
455,BTS_TSA,321,NAICS_2012_Code,32192,,
456,BTS_TSA,321,NAICS_2012_Code,321920,,
457,BTS_TSA,321,NAICS_2012_Code,32199,,
458,BTS_TSA,321,NAICS_2012_Code,321991,,
459,BTS_TSA,321,NAICS_2012_Code,321992,,
460,BTS_TSA,321,NAICS_2012_Code,321999,,
461,BTS_TSA,322,NAICS_2012_Code,322,,
462,BTS_TSA,322,NAICS_2012_Code,3221,,
463,BTS_TSA,322,NAICS_2012_Code,32211,,
464,BTS_TSA,322,NAICS_2012_Code,322110,,
465,BTS_TSA,322,NAICS_2012_Code,32212,,
466,BTS_TSA,322,NAICS_2012_Code,322121,,
467,BTS_TSA,322,NAICS_2012_Code,322122,,
468,BTS_TSA,322,NAICS_2012_Code,32213,,
469,BTS_TSA,322,NAICS_2012_Code,322130,,
470,BTS_TSA,322,NAICS_2012_Code,3222,,
471,BTS_TSA,322,NAICS_2012_Code,32221,,
472,BTS_TSA,322,NAICS_2012_Code,322211,,
473,BTS_TSA,322,NAICS_2012_Code,322212,,
474,BTS_TSA,322,NAICS_2012_Code,322219,,
475,BTS_TSA,322,NAICS_2012_Code,32222,,
476,BTS_TSA,322,NAICS_2012_Code,322220,,
477,BTS_TSA,322,NAICS_2012_Code,32223,,
478,BTS_TSA,322,NAICS_2012_Code,322230,,
479,BTS_TSA,322,NAICS_2012_Code,32229,,
480,BTS_TSA,322,NAICS_2012_Code,322291,,
481,BTS_TSA,322,NAICS_2012_Code,322299,,
482,BTS_TSA,323,NAICS_2012_Code,323,,
483,BTS_TSA,323,NAICS_2012_Code,3231,,
484,BTS_TSA,323,NAICS_2012_Code,32311,,
485,BTS_TSA,323,NAICS_2012_Code,323111,,
486,BTS_TSA,323,NAICS_2012_Code,323113,,
487,BTS_TSA,323,NAICS_2012_Code,323117,,
488,BTS_TSA,323,NAICS_2012_Code,32312,,
489,BTS_TSA,323,NAICS_2012_Code,323120,,
490,BTS_TSA,324,NAICS_2012_Code,324,,
491,BTS_TSA,324,NAICS_2012_Code,3241,,
492,BTS_TSA,324,NAICS_2012_Code,32411,,
493,BTS_TSA,324,NAICS_2012_Code,324110,,
494,BTS_TSA,324,NAICS_2012_Code,32412,,
495,BTS_TSA,324,NAICS_2012_Code,324121,,
496,BTS_TSA,324,NAICS_2012_Code,324122,,
497,BTS_TSA,324,NAICS_2012_Code,32419,,
498,BTS_TSA,324,NAICS_2012_Code,324191,,
499,BTS_TSA,324,NAICS_2012_Code,324199,,
500,BTS_TSA,325,NAICS_2012_Code,325,,
501,BTS_TSA,325,NAICS_2012_Code,3251,,
502,BTS_TSA,325,NAICS_2012_Code,32511,,
503,BTS_TSA,325,NAICS_2012_Code,325110,,
504,BTS_TSA,325,NAICS_2012_Code,32512,,
505,BTS_TSA,325,NAICS_2012_Code,325120,,
506,BTS_TSA,325,NAICS_2012_Code,32513,,
507,BTS_TSA,325,NAICS_2012_Code,325130,,
508,BTS_TSA,325,NAICS_2012_Code,32518,,
509,BTS_TSA,325,NAICS_2012_Code,325180,,
510,BTS_TSA,325,NAICS_2012_Code,32519,,
511,BTS_TSA,325,NAICS_2012_Code,325193,,
512,BTS_TSA,325,NAICS_2012_Code,325194,,
513,BTS_TSA,325,NAICS_2012_Code,325199,,
514,BTS_TSA,325,NAICS_2012_Code,3252,,
515,BTS_TSA,325,NAICS_2012_Code,32521,,
516,BTS_TSA,325,NAICS_2012_Code,325211,,
517,BTS_TSA,325,NAICS_2012_Code,325212,,
518,BTS_TSA,325,NAICS_2012_Code,32522,,
519,BTS_TSA,325,NAICS_2012_Code,325220,,
520,BTS_TSA,325,NAICS_2012_Code,3253,,
521,BTS_TSA,325,NAICS_2012_Code,32531,,
522,BTS_TSA,325,NAICS_2012_Code,325311,,
523,BTS_TSA,325,NAICS_2012_Code,325312,,
524,BTS_TSA,325,NAICS_2012_Code,325314,,
525,BTS_TSA,325,NAICS_2012_Code,32532,,
526,BTS_TSA,325,NAICS_2012_Code,325320,,
527,BTS_TSA,325,NAICS_2012_Code,3254,,
528,BTS_TSA,325,NAICS_2012_Code,32541,,
529,BTS_TSA,325,NAICS_2012_Code,325411,,
530,BTS_TSA,325,NAICS_2012_Code,325412,,
531,BTS_TSA,325,NAICS_2012_Code,325413,,
532,BTS_TSA,325,NAICS_2012_Code,325414,,
533,BTS_TSA,325,NAICS_2012_Code,3255,,
534,BTS_TSA,325,NAICS_2012_Code,32551,,
535,BTS_TSA,325,NAICS_2012_Code,325510,,
536,BTS_TSA,325,NAICS_2012_Code,32552,,
537,BTS_TSA,325,NAICS_2012_Code,325520,,
538,BTS_TSA,325,NAICS_2012_Code,3256,,
539,BTS_TSA,325,NAICS_2012_Code,32561,,
540,BTS_TSA,325,NAICS_2012_Code,325611,,
541,BTS_TSA,325,NAICS_2012_Code,325612,,
542,BTS_TSA,325,NAICS_2012_Code,325613,,
543,BTS_TSA,325,NAICS_2012_Code,32562,,
544,BTS_TSA,325,NAICS_2012_Code,325620,,
545,BTS_TSA,325,NAICS_2012_Code,3259,,
546,BTS_TSA,325,NAICS_2012_Code,32591,,
547,BTS_TSA,325,NAICS_2012_Code,325910,,
548,BTS_TSA,325,NAICS_2012_Code,32592,,
549,BTS_TSA,325,NAICS_2012_Code,325920,,
550,BTS_TSA,325,NAICS_2012_Code,32599,,
551,BTS_TSA,325,NAICS_2012_Code,325991,,
552,BTS_TSA,325,NAICS_2012_Code,325992,,
553,BTS_TSA,325,NAICS_2012_Code,325998,,
554,BTS_TSA,326,NAICS_2012_Code,326,,
555,BTS_TSA,326,NAICS_2012_Code,3261,,
556,BTS_TSA,326,NAICS_2012_Code,32611,,
557,BTS_TSA,326,NAICS_2012_Code,326111,,
558,BTS_TSA,326,NAICS_2012_Code,326112,,
559,BTS_TSA,326,NAICS_2012_Code,326113,,
560,BTS_TSA,326,NAICS_2012_Code,32612,,
561,BTS_TSA,326,NAICS_2012_Code,326121,,
562,BTS_TSA,326,NAICS_2012_Code,326122,,
563,BTS_TSA,326,NAICS_2012_Code,32613,,
564,BTS_TSA,326,NAICS_2012_Code,326130,,
565,BTS_TSA,326,NAICS_2012_Code,32614,,
566,BTS_TSA,326,NAICS_2012_Code,326140,,
567,BTS_TSA,326,NAICS_2012_Code,32615,,
568,BTS_TSA,326,NAICS_2012_Code,326150,,
569,BTS_TSA,326,NAICS_2012_Code,32616,,
570,BTS_TSA,326,NAICS_2012_Code,326160,,
571,BTS_TSA,326,NAICS_2012_Code,32619,,
572,BTS_TSA,326,NAICS_2012_Code,326191,,
573,BTS_TSA,326,NAICS_2012_Code,326199,,
574,BTS_TSA,326,NAICS_2012_Code,3262,,
575,BTS_TSA,326,NAICS_2012_Code,32621,,
576,BTS_TSA,326,NAICS_2012_Code,326211,,
577,BTS_TSA,326,NAICS_2012_Code,326212,,
578,BTS_TSA,326,NAICS_2012_Code,32622,,
579,BTS_TSA,326,NAICS_2012_Code,326220,,
580,BTS_TSA,326,NAICS_2012_Code,32629,,
581,BTS_TSA,326,NAICS_2012_Code,326291,,
582,BTS_TSA,326,NAICS_2012_Code,326299,,
583,BTS_TSA,327,NAICS_2012_Code,327,,
584,BTS_TSA,327,NAICS_2012_Code,3271,,
585,BTS_TSA,327,NAICS_2012_Code,32711,,
586,BTS_TSA,327,NAICS_2012_Code,327110,,
587,BTS_TSA,327,NAICS_2012_Code,32712,,
588,BTS_TSA,327,NAICS_2012_Code,327120,,
589,BTS_TSA,327,NAICS_2012_Code,3272,,
590,BTS_TSA,327,NAICS_2012_Code,32721,,
591,BTS_TSA,327,NAICS_2012_Code,327211,,
592,BTS_TSA,327,NAICS_2012_Code,327212,,
593,BTS_TSA,327,NAICS_2012_Code,327213,,
594,BTS_TSA,327,NAICS_2012_Code,327215,,
595,BTS_TSA,327,NAICS_2012_Code,3273,,
596,BTS_TSA,327,NAICS_2012_Code,32731,,
597,BTS_TSA,327,NAICS_2012_Code,327310,,
598,BTS_TSA,327,NAICS_2012_Code,32732,,
599,BTS_TSA,327,NAICS_2012_Code,327320,,
600,BTS_TSA,327,NAICS_2012_Code,32733,,
601,BTS_TSA,327,NAICS_2012_Code,327331,,
602,BTS_TSA,327,NAICS_2012_Code,327332,,
603,BTS_TSA,327,NAICS_2012_Code,32739,,
604,BTS_TSA,327,NAICS_2012_Code,327390,,
605,BTS_TSA,327,NAICS_2012_Code,3274,,
606,BTS_TSA,327,NAICS_2012_Code,32741,,
607,BTS_TSA,327,NAICS_2012_Code,327410,,
608,BTS_TSA,327,NAICS_2012_Code,32742,,
609,BTS_TSA,327,NAICS_2012_Code,327420,,
610,BTS_TSA,327,NAICS_2012_Code,3279,,
611,BTS_TSA,327,NAICS_2012_Code,32791,,
612,BTS_TSA,327,NAICS_2012_Code,327910,,
613,BTS_TSA,327,NAICS_2012_Code,32799,,
614,BTS_TSA,327,NAICS_2012_Code,327991,,
615,BTS_TSA,327,NAICS_2012_Code,327992,,
616,BTS_TSA,327,NAICS_2012_Code,327993,,
617,BTS_TSA,327,NAICS_2012_Code,327999,,
627,BTS_TSA,331,NAICS_2012_Code,331,,
628,BTS_TSA,331,NAICS_2012_Code,3311,,
629,BTS_TSA,331,NAICS_2012_Code,33111,,
630,BTS_TSA,331,NAICS_2012_Code,331110,,
631,BTS_TSA,331,NAICS_2012_Code,3312,,
632,BTS_TSA,331,NAICS_2012_Code,33121,,
633,BTS_TSA,331,NAICS_2012_Code,331210,,
634,BTS_TSA,331,NAICS_2012_Code,33122,,
635,BTS_TSA,331,NAICS_2012_Code,331221,,
636,BTS_TSA,331,NAICS_2012_Code,331222,,
637,BTS_TSA,331,NAICS_2012_Code,3313,,
638,BTS_TSA,331,NAICS_2012_Code,33131,,
639,BTS_TSA,331,NAICS_2012_Code,331313,,
640,BTS_TSA,331,NAICS_2012_Code,331314,,
641,BTS_TSA,331,NAICS_2012_Code,331315,,
642,BTS_TSA,331,NAICS_2012_Code,331318,,
643,BTS_TSA,331,NAICS_2012_Code,3314,,
644,BTS_TSA,331,NAICS_2012_Code,33141,,
645,BTS_TSA,331,NAICS_2012_Code,331410,,
646,BTS_TSA,331,NAICS_2012_Code,33142,,
647,BTS_TSA,331,NAICS_2012_Code,331420,,
648,BTS_TSA,331,NAICS_2012_Code,33149,,
649,BTS_TSA,331,NAICS_2012_Code,331491,,
650,BTS_TSA,331,NAICS_2012_Code,331492,,
651,BTS_TSA,331,NAICS_2012_Code,3315,,
652,BTS_TSA,331,NAICS_2012_Code,33151,,
653,BTS_TSA,331,NAICS_2012_Code,331511,,
654,BTS_TSA,331,NAICS_2012_Code,331512,,
655,BTS_TSA,331,NAICS_2012_Code,331513,,
656,BTS_TSA,331,NAICS_2012_Code,33152,,
657,BTS_TSA,331,NAICS_2012_Code,331523,,
658,BTS_TSA,331,NAICS_2012_Code,331524,,
659,BTS_TSA,331,NAICS_2012_Code,331529,,
660,BTS_TSA,332,NAICS_2012_Code,332,,
661,BTS_TSA,332,NAICS_2012_Code,3321,,
662,BTS_TSA,332,NAICS_2012_Code,33211,,
663,BTS_TSA,332,NAICS_2012_Code,332111,,
664,BTS_TSA,332,NAICS_2012_Code,332112,,
665,BTS_TSA,332,NAICS_2012_Code,332114,,
666,BTS_TSA,332,NAICS_2012_Code,332117,,
667,BTS_TSA,332,NAICS_2012_Code,332119,,
668,BTS_TSA,332,NAICS_2012_Code,3322,,
669,BTS_TSA,332,NAICS_2012_Code,33221,,
670,BTS_TSA,332,NAICS_2012_Code,332215,,
671,BTS_TSA,332,NAICS_2012_Code,332216,,
672,BTS_TSA,332,NAICS_2012_Code,3323,,
673,BTS_TSA,332,NAICS_2012_Code,33231,,
674,BTS_TSA,332,NAICS_2012_Code,332311,,
675,BTS_TSA,332,NAICS_2012_Code,332312,,
676,BTS_TSA,332,NAICS_2012_Code,332313,,
677,BTS_TSA,332,NAICS_2012_Code,33232,,
678,BTS_TSA,332,NAICS_2012_Code,332321,,
679,BTS_TSA,332,NAICS_2012_Code,332322,,
680,BTS_TSA,332,NAICS_2012_Code,332323,,
681,BTS_TSA,332,NAICS_2012_Code,3324,,
682,BTS_TSA,332,NAICS_2012_Code,33241,,
683,BTS_TSA,332,NAICS_2012_Code,332410,,
684,BTS_TSA,332,NAICS_2012_Code,33242,,
685,BTS_TSA,332,NAICS_2012_Code,332420,,
686,BTS_TSA,332,NAICS_2012_Code,33243,,
687,BTS_TSA,332,NAICS_2012_Code,332431,,
688,BTS_TSA,332,NAICS_2012_Code,332439,,
689,BTS_TSA,332,NAICS_2012_Code,3325,,
690,BTS_TSA,332,NAICS_2012_Code,33251,,
691,BTS_TSA,332,NAICS_2012_Code,332510,,
692,BTS_TSA,332,NAICS_2012_Code,3326,,
693,BTS_TSA,332,NAICS_2012_Code,33261,,
694,BTS_TSA,332,NAICS_2012_Code,332613,,
695,BTS_TSA,332,NAICS_2012_Code,332618,,
696,BTS_TSA,332,NAICS_2012_Code,3327,,
697,BTS_TSA,332,NAICS_2012_Code,33271,,
698,BTS_TSA,332,NAICS_2012_Code,332710,,
699,BTS_TSA,332,NAICS_2012_Code,33272,,
700,BTS_TSA,332,NAICS_2012_Code,332721,,
701,BTS_TSA,332,NAICS_2012_Code,332722,,
702,BTS_TSA,332,NAICS_2012_Code,3328,,
703,BTS_TSA,332,NAICS_2012_Code,33281,,
704,BTS_TSA,332,NAICS_2012_Code,332811,,
705,BTS_TSA,332,NAICS_2012_Code,332812,,
706,BTS_TSA,332,NAICS_2012_Code,332813,,
707,BTS_TSA,332,NAICS_2012_Code,3329,,
708,BTS_TSA,332,NAICS_2012_Code,33291,,
709,BTS_TSA,332,NAICS_2012_Code,332911,,
710,BTS_TSA,332,NAICS_2012_Code,332912,,
711,BTS_TSA,332,NAICS_2012_Code,332913,,
712,BTS_TSA,332,NAICS_2012_Code,332919,,
713,BTS_TSA,332,NAICS_2012_Code,33299,,
714,BTS_TSA,332,NAICS_2012_Code,332991,,
715,BTS_TSA,332,NAICS_2012_Code,332992,,
716,BTS_TSA,332,NAICS_2012_Code,332993,,
717,BTS_TSA,332,NAICS_2012_Code,332994,,
718,BTS_TSA,332,NAICS_2012_Code,332996,,
719,BTS_TSA,332,NAICS_2012_Code,332999,,
720,BTS_TSA,333,NAICS_2012_Code,333,,
721,BTS_TSA,333,NAICS_2012_Code,3331,,
722,BTS_TSA,333,NAICS_2012_Code,33311,,
723,BTS_TSA,333,NAICS_2012_Code,333111,,
724,BTS_TSA,333,NAICS_2012_Code,333112,,
725,BTS_TSA,333,NAICS_2012_Code,33312,,
726,BTS_TSA,333,NAICS_2012_Code,333120,,
727,BTS_TSA,333,NAICS_2012_Code,33313,,
728,BTS_TSA,333,NAICS_2012_Code,333131,,
729,BTS_TSA,333,NAICS_2012_Code,333132,,
730,BTS_TSA,333,NAICS_2012_Code,3332,,
731,BTS_TSA,333,NAICS_2012_Code,33324,,
732,BTS_TSA,333,NAICS_2012_Code,333241,,
733,BTS_TSA,333,NAICS_2012_Code,333242,,
734,BTS_TSA,333,NAICS_2012_Code,333243,,
735,BTS_TSA,333,NAICS_2012_Code,333244,,
736,BTS_TSA,333,NAICS_2012_Code,333249,,
737,BTS_TSA,333,NAICS_2012_Code,3333,,
738,BTS_TSA,333,NAICS_2012_Code,33331,,
739,BTS_TSA,333,NAICS_2012_Code,333314,,
740,BTS_TSA,333,NAICS_2012_Code,333316,,
741,BTS_TSA,333,NAICS_2012_Code,333318,,
742,BTS_TSA,333,NAICS_2012_Code,3334,,
743,BTS_TSA,333,NAICS_2012_Code,33341,,
744,BTS_TSA,333,NAICS_2012_Code,333413,,
745,BTS_TSA,333,NAICS_2012_Code,333414,,
746,BTS_TSA,333,NAICS_2012_Code,333415,,
747,BTS_TSA,333,NAICS_2012_Code,3335,,
748,BTS_TSA,333,NAICS_2012_Code,33351,,
749,BTS_TSA,333,NAICS_2012_Code,333511,,
750,BTS_TSA,333,NAICS_2012_Code,333514,,
751,BTS_TSA,333,NAICS_2012_Code,333515,,
752,BTS_TSA,333,NAICS_2012_Code,333517,,
753,BTS_TSA,333,NAICS_2012_Code,333519,,
754,BTS_TSA,333,NAICS_2012_Code,3336,,
755,BTS_TSA,333,NAICS_2012_Code,33361,,
756,BTS_TSA,333,NAICS_2012_Code,333611,,
757,BTS_TSA,333,NAICS_2012_Code,333612,,
758,BTS_TSA,333,NAICS_2012_Code,333613,,
759,BTS_TSA,333,NAICS_2012_Code,333618,,
760,BTS_TSA,333,NAICS_2012_Code,3339,,
761,BTS_TSA,333,NAICS_2012_Code,33391,,
762,BTS_TSA,333,NAICS_2012_Code,333911,,
763,BTS_TSA,333,NAICS_2012_Code,333912,,
764,BTS_TSA,333,NAICS_2012_Code,333913,,
765,BTS_TSA,333,NAICS_2012_Code,33392,,
766,BTS_TSA,333,NAICS_2012_Code,333921,,
767,BTS_TSA,333,NAICS_2012_Code,333922,,
768,BTS_TSA,333,NAICS_2012_Code,333923,,
769,BTS_TSA,333,NAICS_2012_Code,333924,,
770,BTS_TSA,333,NAICS_2012_Code,33399,,
771,BTS_TSA,333,NAICS_2012_Code,333991,,
772,BTS_TSA,333,NAICS_2012_Code,333992,,
773,BTS_TSA,333,NAICS_2012_Code,333993,,
774,BTS_TSA,333,NAICS_2012_Code,333994,,
775,BTS_TSA,333,NAICS_2012_Code,333995,,
776,BTS_TSA,333,NAICS_2012_Code,333996,,
777,BTS_TSA,333,NAICS_2012_Code,333997,,
778,BTS_TSA,333,NAICS_2012_Code,333999,,
779,BTS_TSA,334,NAICS_2012_Code,334,,
780,BTS_TSA,334,NAICS_2012_Code,3341,,
781,BTS_TSA,334,NAICS_2012_Code,33411,,
782,BTS_TSA,334,NAICS_2012_Code,334111,,
783,BTS_TSA,334,NAICS_2012_Code,334112,,
784,BTS_TSA,334,NAICS_2012_Code,334118,,
785,BTS_TSA,334,NAICS_2012_Code,3342,,
786,BTS_TSA,334,NAICS_2012_Code,33421,,
787,BTS_TSA,334,NAICS_2012_Code,334210,,
788,BTS_TSA,334,NAICS_2012_Code,33422,,
789,BTS_TSA,334,NAICS_2012_Code,334220,,
790,BTS_TSA,334,NAICS_2012_Code,33429,,
791,BTS_TSA,334,NAICS_2012_Code,334290,,
792,BTS_TSA,334,NAICS_2012_Code,3343,,
793,BTS_TSA,334,NAICS_2012_Code,33431,,
794,BTS_TSA,334,NAICS_2012_Code,334310,,
795,BTS_TSA,334,NAICS_2012_Code,3344,,
796,BTS_TSA,334,NAICS_2012_Code,33441,,
797,BTS_TSA,334,NAICS_2012_Code,334412,,
798,BTS_TSA,334,NAICS_2012_Code,334413,,
799,BTS_TSA,334,NAICS_2012_Code,334416,,
800,BTS_TSA,334,NAICS_2012_Code,334417,,
801,BTS_TSA,334,NAICS_2012_Code,334418,,
802,BTS_TSA,334,NAICS_2012_Code,334419,,
803,BTS_TSA,334,NAICS_2012_Code,3345,,
804,BTS_TSA,334,NAICS_2012_Code,33451,,
805,BTS_TSA,334,NAICS_2012_Code,334510,,
806,BTS_TSA,334,NAICS_2012_Code,334511,,
807,BTS_TSA,334,NAICS_2012_Code,334512,,
808,BTS_TSA,334,NAICS_2012_Code,334513,,
809,BTS_TSA,334,NAICS_2012_Code,334514,,
810,BTS_TSA,334,NAICS_2012_Code,334515,,
811,BTS_TSA,334,NAICS_2012_Code,334516,,
812,BTS_TSA,334,NAICS_2012_Code,334517,,
813,BTS_TSA,334,NAICS_2012_Code,334519,,
814,BTS_TSA,334,NAICS_2012_Code,3346,,
815,BTS_TSA,334,NAICS_2012_Code,33461,,
816,BTS_TSA,334,NAICS_2012_Code,334613,,
817,BTS_TSA,334,NAICS_2012_Code,334614,,
818,BTS_TSA,335,NAICS_2012_Code,335,,
819,BTS_TSA,335,NAICS_2012_Code,3351,,
820,BTS_TSA,335,NAICS_2012_Code,33511,,
821,BTS_TSA,335,NAICS_2012_Code,335110,,
822,BTS_TSA,335,NAICS_2012_Code,33512,,
823,BTS_TSA,335,NAICS_2012_Code,335121,,
824,BTS_TSA,335,NAICS_2012_Code,335122,,
825,BTS_TSA,335,NAICS_2012_Code,335129,,
826,BTS_TSA,335,NAICS_2012_Code,3352,,
827,BTS_TSA,335,NAICS_2012_Code,33521,,
828,BTS_TSA,335,NAICS_2012_Code,335210,,
829,BTS_TSA,335,NAICS_2012_Code,33522,,
830,BTS_TSA,335,NAICS_2012_Code,335221,,
831,BTS_TSA,335,NAICS_2012_Code,335222,,
832,BTS_TSA,335,NAICS_2012_Code,335224,,
833,BTS_TSA,335,NAICS_2012_Code,335228,,
834,BTS_TSA,335,NAICS_2012_Code,3353,,
835,BTS_TSA,335,NAICS_2012_Code,33531,,
836,BTS_TSA,335,NAICS_2012_Code,335311,,
837,BTS_TSA,335,NAICS_2012_Code,335312,,
838,BTS_TSA,335,NAICS_2012_Code,335313,,
839,BTS_TSA,335,NAICS_2012_Code,335314,,
840,BTS_TSA,335,NAICS_2012_Code,3359,,
841,BTS_TSA,335,NAICS_2012_Code,33591,,
842,BTS_TSA,335,NAICS_2012_Code,335911,,
843,BTS_TSA,335,NAICS_2012_Code,335912,,
844,BTS_TSA,335,NAICS_2012_Code,33592,,
845,BTS_TSA,335,NAICS_2012_Code,335921,,
846,BTS_TSA,335,NAICS_2012_Code,335929,,
847,BTS_TSA,335,NAICS_2012_Code,33593,,
848,BTS_TSA,335,NAICS_2012_Code,335931,,
849,BTS_TSA,335,NAICS_2012_Code,335932,,
850,BTS_TSA,335,NAICS_2012_Code,33599,,
851,BTS_TSA,335,NAICS_2012_Code,335991,,
852,BTS_TSA,335,NAICS_2012_Code,335999,,
857,BTS_TSA,3361MV,NAICS_2012_Code,336111,,
858,BTS_TSA,3361MV,NAICS_2012_Code,336112,,
860,BTS_TSA,3361MV,NAICS_2012_Code,336120,,
863,BTS_TSA,3361MV,NAICS_2012_Code,336211,,
864,BTS_TSA,3361MV,NAICS_2012_Code,336212,,
865,BTS_TSA,3361MV,NAICS_2012_Code,336213,,
866,BTS_TSA,3361MV,NAICS_2012_Code,336214,,
869,BTS_TSA,3361MV,NAICS_2012_Code,336310,,
871,BTS_TSA,3361MV,NAICS_2012_Code,336320,,
873,BTS_TSA,3361MV,NAICS_2012_Code,336330,,
875,BTS_TSA,3361MV,NAICS_2012_Code,336340,,
877,BTS_TSA,3361MV,NAICS_2012_Code,336350,,
879,BTS_TSA,3361MV,NAICS_2012_Code,336360,,
881,BTS_TSA,3361MV,NAICS_2012_Code,336370,,
883,BTS_TSA,3361MV,NAICS_2012_Code,336390,,
886,BTS_TSA,3364OT,NAICS_2012_Code,336411,,
887,BTS_TSA,3364OT,NAICS_2012_Code,336412,,
888,BTS_TSA,3364OT,NAICS_2012_Code,336413,,
889,BTS_TSA,3364OT,NAICS_2012_Code,336414,,
890,BTS_TSA,3364OT,NAICS_2012_Code,336415,,
891,BTS_TSA,3364OT,NAICS_2012_Code,336419,,
894,BTS_TSA,3364OT,NAICS_2012_Code,336510,,
897,BTS_TSA,3364OT,NAICS_2012_Code,336611,,
898,BTS_TSA,3364OT,NAICS_2012_Code,336612,,
901,BTS_TSA,3364OT,NAICS_2012_Code,336991,,
902,BTS_TSA,3364OT,NAICS_2012_Code,336992,,
903,BTS_TSA,3364OT,NAICS_2012_Code,336999,,
904,BTS_TSA,337,NAICS_2012_Code,337,,
905,BTS_TSA,337,NAICS_2012_Code,3371,,
906,BTS_TSA,337,NAICS_2012_Code,33711,,
907,BTS_TSA,337,NAICS_2012_Code,337110,,
908,BTS_TSA,337,NAICS_2012_Code,33712,,
909,BTS_TSA,337,NAICS_2012_Code,337121,,
910,BTS_TSA,337,NAICS_2012_Code,337122,,
911,BTS_TSA,337,NAICS_2012_Code,337124,,
912,BTS_TSA,337,NAICS_2012_Code,337125,,
913,BTS_TSA,337,NAICS_2012_Code,337127,,
914,BTS_TSA,337,NAICS_2012_Code,3372,,
915,BTS_TSA,337,NAICS_2012_Code,33721,,
916,BTS_TSA,337,NAICS_2012_Code,337211,,
917,BTS_TSA,337,NAICS_2012_Code,337212,,
918,BTS_TSA,337,NAICS_2012_Code,337214,,
919,BTS_TSA,337,NAICS_2012_Code,337215,,
920,BTS_TSA,337,NAICS_2012_Code,3379,,
921,BTS_TSA,337,NAICS_2012_Code,33791,,
922,BTS_TSA,337,NAICS_2012_Code,337910,,
923,BTS_TSA,337,NAICS_2012_Code,33792,,
924,BTS_TSA,337,NAICS_2012_Code,337920,,
925,BTS_TSA,339,NAICS_2012_Code,339,,
926,BTS_TSA,339,NAICS_2012_Code,3391,,
927,BTS_TSA,339,NAICS_2012_Code,33911,,
928,BTS_TSA,339,NAICS_2012_Code,339112,,
929,BTS_TSA,339,NAICS_2012_Code,339113,,
930,BTS_TSA,339,NAICS_2012_Code,339114,,
931,BTS_TSA,339,NAICS_2012_Code,339115,,
932,BTS_TSA,339,NAICS_2012_Code,339116,,
933,BTS_TSA,339,NAICS_2012_Code,3399,,
934,BTS_TSA,339,NAICS_2012_Code,33991,,
935,BTS_TSA,339,NAICS_2012_Code,339910,,
936,BTS_TSA,339,NAICS_2012_Code,33992,,
937,BTS_TSA,339,NAICS_2012_Code,339920,,
938,BTS_TSA,339,NAICS_2012_Code,33993,,
939,BTS_TSA,339,NAICS_2012_Code,339930,,
940,BTS_TSA,339,NAICS_2012_Code,33994,,
941,BTS_TSA,339,NAICS_2012_Code,339940,,
942,BTS_TSA,339,NAICS_2012_Code,33995,,
943,BTS_TSA,339,NAICS_2012_Code,339950,,
944,BTS_TSA,339,NAICS_2012_Code,33999,,
945,BTS_TSA,339,NAICS_2012_Code,339991,,
946,BTS_TSA,339,NAICS_2012_Code,339992,,
947,BTS_TSA,339,NAICS_2012_Code,339993,,
948,BTS_TSA,339,NAICS_2012_Code,339994,,
949,BTS_TSA,339,NAICS_2012_Code,339995,,
950,BTS_TSA,339,NAICS_2012_Code,339999,,
951,BTS_TSA,42,NAICS_2012_Code,42,,
952,BTS_TSA,42,NAICS_2012_Code,423,,
953,BTS_TSA,42,NAICS_2012_Code,4231,,
954,BTS_TSA,42,NAICS_2012_Code,42311,,
955,BTS_TSA,42,NAICS_2012_Code,423110,,
956,BTS_TSA,42,NAICS_2012_Code,42312,,
957,BTS_TSA,42,NAICS_2012_Code,423120,,
958,BTS_TSA,42,NAICS_2012_Code,42313,,
959,BTS_TSA,42,NAICS_2012_Code,423130,,
960,BTS_TSA,42,NAICS_2012_Code,42314,,
961,BTS_TSA,42,NAICS_2012_Code,423140,,
962,BTS_TSA,42,NAICS_2012_Code,4232,,
963,BTS_TSA,42,NAICS_2012_Code,42321,,
964,BTS_TSA,42,NAICS_2012_Code,423210,,
965,BTS_TSA,42,NAICS_2012_Code,42322,,
966,BTS_TSA,42,NAICS_2012_Code,423220,,
967,BTS_TSA,42,NAICS_2012_Code,4233,,
968,BTS_TSA,42,NAICS_2012_Code,42331,,
969,BTS_TSA,42,NAICS_2012_Code,423310,,
970,BTS_TSA,42,NAICS_2012_Code,42332,,
971,BTS_TSA,42,NAICS_2012_Code,423320,,
972,BTS_TSA,42,NAICS_2012_Code,42333,,
973,BTS_TSA,42,NAICS_2012_Code,423330,,
974,BTS_TSA,42,NAICS_2012_Code,42339,,
975,BTS_TSA,42,NAICS_2012_Code,423390,,
976,BTS_TSA,42,NAICS_2012_Code,4234,,
977,BTS_TSA,42,NAICS_2012_Code,42341,,
978,BTS_TSA,42,NAICS_2012_Code,423410,,
979,BTS_TSA,42,NAICS_2012_Code,42342,,
980,BTS_TSA,42,NAICS_2012_Code,423420,,
981,BTS_TSA,42,NAICS_2012_Code,42343,,
982,BTS_TSA,42,NAICS_2012_Code,423430,,
983,BTS_TSA,42,NAICS_2012_Code,42344,,
984,BTS_TSA,42,NAICS_2012_Code,423440,,
985,BTS_TSA,42,NAICS_2012_Code,42345,,
986,BTS_TSA,42,NAICS_2012_Code,423450,,
987,BTS_TSA,42,NAICS_2012_Code,42346,,
988,BTS_TSA,42,NAICS_2012_Code,423460,,
989,BTS_TSA,42,NAICS_2012_Code,42349,,
990,BTS_TSA,42,NAICS_2012_Code,423490,,
991,BTS_TSA,42,NAICS_2012_Code,4235,,
992,BTS_TSA,42,NAICS_2012_Code,42351,,
993,BTS_TSA,42,NAICS_2012_Code,423510,,
994,BTS_TSA,42,NAICS_2012_Code,42352,,
995,BTS_TSA,42,NAICS_2012_Code,423520,,
996,BTS_TSA,42,NAICS_2012_Code,4236,,
997,BTS_TSA,42,NAICS_2012_Code,42361,,
998,BTS_TSA,42,NAICS_2012_Code,423610,,
999,BTS_TSA,42,NAICS_2012_Code,42362,,
1000,BTS_TSA,42,NAICS_2012_Code,423620,,
1001,BTS_TSA,42,NAICS_2012_Code,42369,,
1002,BTS_TSA,42,NAICS_2012_Code,423690,,
1003,BTS_TSA,42,NAICS_2012_Code,4237,,
1004,BTS_TSA,42,NAICS_2012_Code,42371,,
1005,BTS_TSA,42,NAICS_2012_Code,423710,,
1006,BTS_TSA,42,NAICS_2012_Code,42372,,
1007,BTS_TSA,42,NAICS_2012_Code,423720,,
1008,BTS_TSA,42,NAICS_2012_Code,42373,,
1009,BTS_TSA,42,NAICS_2012_Code,423730,,
1010,BTS_TSA,42,NAICS_2012_Code,42374,,
1011,BTS_TSA,42,NAICS_2012_Code,423740,,
1012,BTS_TSA,42,NAICS_2012_Code,4238,,
1013,BTS_TSA,42,NAICS_2012_Code,42381,,
1014,BTS_TSA,42,NAICS_2012_Code,423810,,
1015,BTS_TSA,42,NAICS_2012_Code,42382,,
1016,BTS_TSA,42,NAICS_2012_Code,423820,,
1017,BTS_TSA,42,NAICS_2012_Code,42383,,
1018,BTS_TSA,42,NAICS_2012_Code,423830,,
1019,BTS_TSA,42,NAICS_2012_Code,42384,,
1020,BTS_TSA,42,NAICS_2012_Code,423840,,
1021,BTS_TSA,42,NAICS_2012_Code,42385,,
1022,BTS_TSA,42,NAICS_2012_Code,423850,,
1023,BTS_TSA,42,NAICS_2012_Code,42386,,
1024,BTS_TSA,42,NAICS_2012_Code,423860,,
1025,BTS_TSA,42,NAICS_2012_Code,4239,,
1026,BTS_TSA,42,NAICS_2012_Code,42391,,
1027,BTS_TSA,42,NAICS_2012_Code,423910,,
1028,BTS_TSA,42,NAICS_2012_Code,42392,,
1029,BTS_TSA,42,NAICS_2012_Code,423920,,
1030,BTS_TSA,42,NAICS_2012_Code,42393,,
1031,BTS_TSA,42,NAICS_2012_Code,423930,,
1032,BTS_TSA,42,NAICS_2012_Code,42394,,
1033,BTS_TSA,42,NAICS_2012_Code,423940,,
1034,BTS_TSA,42,NAICS_2012_Code,42399,,
1035,BTS_TSA,42,NAICS_2012_Code,423990,,
1036,BTS_TSA,42,NAICS_2012_Code,424,,
1037,BTS_TSA,42,NAICS_2012_Code,4241,,
1038,BTS_TSA,42,NAICS_2012_Code,42411,,
1039,BTS_TSA,42,NAICS_2012_Code,424110,,
1040,BTS_TSA,42,NAICS_2012_Code,42412,,
1041,BTS_TSA,42,NAICS_2012_Code,424120,,
1042,BTS_TSA,42,NAICS_2012_Code,42413,,
1043,BTS_TSA,42,NAICS_2012_Code,424130,,
1044,BTS_TSA,42,NAICS_2012_Code,4242,,
1045,BTS_TSA,42,NAICS_2012_Code,42421,,
1046,BTS_TSA,42,NAICS_2012_Code,424210,,
1047,BTS_TSA,42,NAICS_2012_Code,4243,,
1048,BTS_TSA,42,NAICS_2012_Code,42431,,
1049,BTS_TSA,42,NAICS_2012_Code,424310,,
1050,BTS_TSA,42,NAICS_2012_Code,42432,,
1051,BTS_TSA,42,NAICS_2012_Code,424320,,
1052,BTS_TSA,42,NAICS_2012_Code,42433,,
1053,BTS_TSA,42,NAICS_2012_Code,424330,,
1054,BTS_TSA,42,NAICS_2012_Code,42434,,
1055,BTS_TSA,42,NAICS_2012_Code,424340,,
1056,BTS_TSA,42,NAICS_2012_Code,4244,,
1057,BTS_TSA,42,NAICS_2012_Code,42441,,
1058,BTS_TSA,42,NAICS_2012_Code,424410,,
1059,BTS_TSA,42,NAICS_2012_Code,42442,,
1060,BTS_TSA,42,NAICS_2012_Code,424420,,
1061,BTS_TSA,42,NAICS_2012_Code,42443,,
1062,BTS_TSA,42,NAICS_2012_Code,424430,,
1063,BTS_TSA,42,NAICS_2012_Code,42444,,
1064,BTS_TSA,42,NAICS_2012_Code,424440,,
1065,BTS_TSA,42,NAICS_2012_Code,42445,,
1066,BTS_TSA,42,NAICS_2012_Code,424450,,
1067,BTS_TSA,42,NAICS_2012_Code,42446,,
1068,BTS_TSA,42,NAICS_2012_Code,424460,,
1069,BTS_TSA,42,NAICS_2012_Code,42447,,
1070,BTS_TSA,42,NAICS_2012_Code,424470,,
1071,BTS_TSA,42,NAICS_2012_Code,42448,,
1072,BTS_TSA,42,NAICS_2012_Code,424480,,
1073,BTS_TSA,42,NAICS_2012_Code,42449,,
1074,BTS_TSA,42,NAICS_2012_Code,424490,,
1075,BTS_TSA,42,NAICS_2012_Code,4245,,
1076,BTS_TSA,42,NAICS_2012_Code,42451,,
1077,BTS_TSA,42,NAICS_2012_Code,424510,,
1078,BTS_TSA,42,NAICS_2012_Code,42452,,
1079,BTS_TSA,42,NAICS_2012_Code,424520,,
1080,BTS_TSA,42,NAICS_2012_Code,42459,,
1081,BTS_TSA,42,NAICS_2012_Code,424590,,
1082,BTS_TSA,42,NAICS_2012_Code,4246,,
1083,BTS_TSA,42,NAICS_2012_Code,42461,,
1084,BTS_TSA,42,NAICS_2012_Code,424610,,
1085,BTS_TSA,42,NAICS_2012_Code,42469,,
1086,BTS_TSA,42,NAICS_2012_Code,424690,,
1087,BTS_TSA,42,NAICS_2012_Code,4247,,
1088,BTS_TSA,42,NAICS_2012_Code,42471,,
1089,BTS_TSA,42,NAICS_2012_Code,424710,,
1090,BTS_TSA,42,NAICS_2012_Code,42472,,
1091,BTS_TSA,42,NAICS_2012_Code,424720,,
1092,BTS_TSA,42,NAICS_2012_Code,4248,,
1093,BTS_TSA,42,NAICS_2012_Code,42481,,
1094,BTS_TSA,42,NAICS_2012_Code,424810,,
1095,BTS_TSA,42,NAICS_2012_Code,42482,,
1096,BTS_TSA,42,NAICS_2012_Code,424820,,
1097,BTS_TSA,42,NAICS_2012_Code,4249,,
1098,BTS_TSA,42,NAICS_2012_Code,42491,,
1099,BTS_TSA,42,NAICS_2012_Code,424910,,
1100,BTS_TSA,42,NAICS_2012_Code,42492,,
1101,BTS_TSA,42,NAICS_2012_Code,424920,,
1102,BTS_TSA,42,NAICS_2012_Code,42493,,
1103,BTS_TSA,42,NAICS_2012_Code,424930,,
1104,BTS_TSA,42,NAICS_2012_Code,42494,,
1105,BTS_TSA,42,NAICS_2012_Code,424940,,
1106,BTS_TSA,42,NAICS_2012_Code,42495,,
1107,BTS_TSA,42,NAICS_2012_Code,424950,,
1108,BTS_TSA,42,NAICS_2012_Code,42499,,
1109,BTS_TSA,42,NAICS_2012_Code,424990,,
1110,BTS_TSA,42,NAICS_2012_Code,425,,
1111,BTS_TSA,42,NAICS_2012_Code,4251,,
1112,BTS_TSA,42,NAICS_2012_Code,42511,,
1113,BTS_TSA,42,NAICS_2012_Code,425110,,
1114,BTS_TSA,42,NAICS_2012_Code,42512,,
1115,BTS_TSA,42,NAICS_2012_Code,425120,,
1119,BTS_TSA,441,NAICS_2012_Code,441,,
1120,BTS_TSA,441,NAICS_2012_Code,4411,,
1121,BTS_TSA,441,NAICS_2012_Code,44111,,
1122,BTS_TSA,441,NAICS_2012_Code,441110,,
1123,BTS_TSA,441,NAICS_2012_Code,44112,,
1124,BTS_TSA,441,NAICS_2012_Code,441120,,
1125,BTS_TSA,441,NAICS_2012_Code,4412,,
1126,BTS_TSA,441,NAICS_2012_Code,44121,,
1127,BTS_TSA,441,NAICS_2012_Code,441210,,
1128,BTS_TSA,441,NAICS_2012_Code,44122,,
1129,BTS_TSA,441,NAICS_2012_Code,441222,,
1130,BTS_TSA,441,NAICS_2012_Code,441228,,
1131,BTS_TSA,441,NAICS_2012_Code,4413,,
1132,BTS_TSA,441,NAICS_2012_Code,44131,,
1133,BTS_TSA,441,NAICS_2012_Code,441310,,
1134,BTS_TSA,441,NAICS_2012_Code,44132,,
1135,BTS_TSA,441,NAICS_2012_Code,441320,,
1136,BTS_TSA,4A0,NAICS_2012_Code,442,,
1137,BTS_TSA,4A0,NAICS_2012_Code,4421,,
1138,BTS_TSA,4A0,NAICS_2012_Code,44211,,
1139,BTS_TSA,4A0,NAICS_2012_Code,442110,,
1140,BTS_TSA,4A0,NAICS_2012_Code,4422,,
1141,BTS_TSA,4A0,NAICS_2012_Code,44221,,
1142,BTS_TSA,4A0,NAICS_2012_Code,442210,,
1143,BTS_TSA,4A0,NAICS_2012_Code,44229,,
1144,BTS_TSA,4A0,NAICS_2012_Code,442291,,
1145,BTS_TSA,4A0,NAICS_2012_Code,442299,,
1146,BTS_TSA,4A0,NAICS_2012_Code,443,,
1147,BTS_TSA,4A0,NAICS_2012_Code,4431,,
1148,BTS_TSA,4A0,NAICS_2012_Code,44314,,
1149,BTS_TSA,4A0,NAICS_2012_Code,443141,,
1150,BTS_TSA,4A0,NAICS_2012_Code,443142,,
1151,BTS_TSA,4A0,NAICS_2012_Code,444,,
1152,BTS_TSA,4A0,NAICS_2012_Code,4441,,
1153,BTS_TSA,4A0,NAICS_2012_Code,44411,,
1154,BTS_TSA,4A0,NAICS_2012_Code,444110,,
1155,BTS_TSA,4A0,NAICS_2012_Code,44412,,
1156,BTS_TSA,4A0,NAICS_2012_Code,444120,,
1157,BTS_TSA,4A0,NAICS_2012_Code,44413,,
1158,BTS_TSA,4A0,NAICS_2012_Code,444130,,
1159,BTS_TSA,4A0,NAICS_2012_Code,44419,,
1160,BTS_TSA,4A0,NAICS_2012_Code,444190,,
1161,BTS_TSA,4A0,NAICS_2012_Code,4442,,
1162,BTS_TSA,4A0,NAICS_2012_Code,44421,,
1163,BTS_TSA,4A0,NAICS_2012_Code,444210,,
1164,BTS_TSA,4A0,NAICS_2012_Code,44422,,
1165,BTS_TSA,4A0,NAICS_2012_Code,444220,,
1166,BTS_TSA,445,NAICS_2012_Code,445,,
1167,BTS_TSA,445,NAICS_2012_Code,4451,,
1168,BTS_TSA,445,NAICS_2012_Code,44511,,
1169,BTS_TSA,445,NAICS_2012_Code,445110,,
1170,BTS_TSA,445,NAICS_2012_Code,44512,,
1171,BTS_TSA,445,NAICS_2012_Code,445120,,
1172,BTS_TSA,445,NAICS_2012_Code,4452,,
1173,BTS_TSA,445,NAICS_2012_Code,44521,,
1174,BTS_TSA,445,NAICS_2012_Code,445210,,
1175,BTS_TSA,445,NAICS_2012_Code,44522,,
1176,BTS_TSA,445,NAICS_2012_Code,445220,,
1177,BTS_TSA,445,NAICS_2012_Code,44523,,
1178,BTS_TSA,445,NAICS_2012_Code,445230,,
1179,BTS_TSA,445,NAICS_2012_Code,44529,,
1180,BTS_TSA,445,NAICS_2012_Code,445291,,
1181,BTS_TSA,445,NAICS_2012_Code,445292,,
1182,BTS_TSA,445,NAICS_2012_Code,445299,,
1183,BTS_TSA,445,NAICS_2012_Code,4453,,
1184,BTS_TSA,445,NAICS_2012_Code,44531,,
1185,BTS_TSA,445,NAICS_2012_Code,445310,,
1186,BTS_TSA,4A0,NAICS_2012_Code,446,,
1187,BTS_TSA,4A0,NAICS_2012_Code,4461,,
1188,BTS_TSA,4A0,NAICS_2012_Code,44611,,
1189,BTS_TSA,4A0,NAICS_2012_Code,446110,,
1190,BTS_TSA,4A0,NAICS_2012_Code,44612,,
1191,BTS_TSA,4A0,NAICS_2012_Code,446120,,
1192,BTS_TSA,4A0,NAICS_2012_Code,44613,,
1193,BTS_TSA,4A0,NAICS_2012_Code,446130,,
1194,BTS_TSA,4A0,NAICS_2012_Code,44619,,
1195,BTS_TSA,4A0,NAICS_2012_Code,446191,,
1196,BTS_TSA,4A0,NAICS_2012_Code,446199,,
1197,BTS_TSA,4A0,NAICS_2012_Code,447,,
1198,BTS_TSA,4A0,NAICS_2012_Code,4471,,
1199,BTS_TSA,4A0,NAICS_2012_Code,44711,,
1200,BTS_TSA,4A0,NAICS_2012_Code,447110,,
1201,BTS_TSA,4A0,NAICS_2012_Code,44719,,
1202,BTS_TSA,4A0,NAICS_2012_Code,447190,,
1203,BTS_TSA,4A0,NAICS_2012_Code,448,,
1204,BTS_TSA,4A0,NAICS_2012_Code,4481,,
1205,BTS_TSA,4A0,NAICS_2012_Code,44811,,
1206,BTS_TSA,4A0,NAICS_2012_Code,448110,,
1207,BTS_TSA,4A0,NAICS_2012_Code,44812,,
1208,BTS_TSA,4A0,NAICS_2012_Code,448120,,
1209,BTS_TSA,4A0,NAICS_2012_Code,44813,,
1210,BTS_TSA,4A0,NAICS_2012_Code,448130,,
1211,BTS_TSA,4A0,NAICS_2012_Code,44814,,
1212,BTS_TSA,4A0,NAICS_2012_Code,448140,,
1213,BTS_TSA,4A0,NAICS_2012_Code,44815,,
1214,BTS_TSA,4A0,NAICS_2012_Code,448150,,
1215,BTS_TSA,4A0,NAICS_2012_Code,44819,,
1216,BTS_TSA,4A0,NAICS_2012_Code,448190,,
1217,BTS_TSA,4A0,NAICS_2012_Code,4482,,
1218,BTS_TSA,4A0,NAICS_2012_Code,44821,,
1219,BTS_TSA,4A0,NAICS_2012_Code,448210,,
1220,BTS_TSA,4A0,NAICS_2012_Code,4483,,
1221,BTS_TSA,4A0,NAICS_2012_Code,44831,,
1222,BTS_TSA,4A0,NAICS_2012_Code,448310,,
1223,BTS_TSA,4A0,NAICS_2012_Code,44832,,
1224,BTS_TSA,4A0,NAICS_2012_Code,448320,,
1227,BTS_TSA,4A0,NAICS_2012_Code,451,,
1228,BTS_TSA,4A0,NAICS_2012_Code,4511,,
1229,BTS_TSA,4A0,NAICS_2012_Code,45111,,
1230,BTS_TSA,4A0,NAICS_2012_Code,451110,,
1231,BTS_TSA,4A0,NAICS_2012_Code,45112,,
1232,BTS_TSA,4A0,NAICS_2012_Code,451120,,
1233,BTS_TSA,4A0,NAICS_2012_Code,45113,,
1234,BTS_TSA,4A0,NAICS_2012_Code,451130,,
1235,BTS_TSA,4A0,NAICS_2012_Code,45114,,
1236,BTS_TSA,4A0,NAICS_2012_Code,451140,,
1237,BTS_TSA,4A0,NAICS_2012_Code,4512,,
1238,BTS_TSA,4A0,NAICS_2012_Code,45121,,
1239,BTS_TSA,4A0,NAICS_2012_Code,451211,,
1240,BTS_TSA,4A0,NAICS_2012_Code,451212,,
1241,BTS_TSA,452,NAICS_2012_Code,452,,
1242,BTS_TSA,452,NAICS_2012_Code,4521,,
1243,BTS_TSA,452,NAICS_2012_Code,45211,,
1244,BTS_TSA,452,NAICS_2012_Code,452111,,
1245,BTS_TSA,452,NAICS_2012_Code,452112,,
1246,BTS_TSA,452,NAICS_2012_Code,4529,,
1247,BTS_TSA,452,NAICS_2012_Code,45291,,
1248,BTS_TSA,452,NAICS_2012_Code,452910,,
1249,BTS_TSA,452,NAICS_2012_Code,45299,,
1250,BTS_TSA,452,NAICS_2012_Code,452990,,
1251,BTS_TSA,4A0,NAICS_2012_Code,453,,
1252,BTS_TSA,4A0,NAICS_2012_Code,4531,,
1253,BTS_TSA,4A0,NAICS_2012_Code,45311,,
1254,BTS_TSA,4A0,NAICS_2012_Code,453110,,
1255,BTS_TSA,4A0,NAICS_2012_Code,4532,,
1256,BTS_TSA,4A0,NAICS_2012_Code,45321,,
1257,BTS_TSA,4A0,NAICS_2012_Code,453210,,
1258,BTS_TSA,4A0,NAICS_2012_Code,45322,,
1259,BTS_TSA,4A0,NAICS_2012_Code,453220,,
1260,BTS_TSA,4A0,NAICS_2012_Code,4533,,
1261,BTS_TSA,4A0,NAICS_2012_Code,45331,,
1262,BTS_TSA,4A0,NAICS_2012_Code,453310,,
1263,BTS_TSA,4A0,NAICS_2012_Code,4539,,
1264,BTS_TSA,4A0,NAICS_2012_Code,45391,,
1265,BTS_TSA,4A0,NAICS_2012_Code,453910,,
1266,BTS_TSA,4A0,NAICS_2012_Code,45392,,
1267,BTS_TSA,4A0,NAICS_2012_Code,453920,,
1268,BTS_TSA,4A0,NAICS_2012_Code,45393,,
1269,BTS_TSA,4A0,NAICS_2012_Code,453930,,
1270,BTS_TSA,4A0,NAICS_2012_Code,45399,,
1271,BTS_TSA,4A0,NAICS_2012_Code,453991,,
1272,BTS_TSA,4A0,NAICS_2012_Code,453998,,
1273,BTS_TSA,4A0,NAICS_2012_Code,454,,
1274,BTS_TSA,4A0,NAICS_2012_Code,4541,,
1275,BTS_TSA,4A0,NAICS_2012_Code,45411,,
1276,BTS_TSA,4A0,NAICS_2012_Code,454111,,
1277,BTS_TSA,4A0,NAICS_2012_Code,454112,,
1278,BTS_TSA,4A0,NAICS_2012_Code,454113,,
1279,BTS_TSA,4A0,NAICS_2012_Code,4542,,
1280,BTS_TSA,4A0,NAICS_2012_Code,45421,,
1281,BTS_TSA,4A0,NAICS_2012_Code,454210,,
1282,BTS_TSA,4A0,NAICS_2012_Code,4543,,
1283,BTS_TSA,4A0,NAICS_2012_Code,45431,,
1284,BTS_TSA,4A0,NAICS_2012_Code,454310,,
1285,BTS_TSA,4A0,NAICS_2012_Code,45439,,
1286,BTS_TSA,4A0,NAICS_2012_Code,454390,,
1294,BTS_TSA,481,NAICS_2012_Code,481,,
1295,BTS_TSA,481,NAICS_2012_Code,4811,,
1296,BTS_TSA,481,NAICS_2012_Code,48111,,
1297,BTS_TSA,481,NAICS_2012_Code,481111,,
1298,BTS_TSA,481,NAICS_2012_Code,481112,,
1299,BTS_TSA,481,NAICS_2012_Code,4812,,
1300,BTS_TSA,481,NAICS_2012_Code,48121,,
1301,BTS_TSA,481,NAICS_2012_Code,481211,,
1302,BTS_TSA,481,NAICS_2012_Code,481212,,
1303,BTS_TSA,481,NAICS_2012_Code,481219,,
1304,BTS_TSA,482,NAICS_2012_Code,482,,
1305,BTS_TSA,482,NAICS_2012_Code,4821,,
1306,BTS_TSA,482,NAICS_2012_Code,48211,,
1307,BTS_TSA,482,NAICS_2012_Code,482111,,
1308,BTS_TSA,482,NAICS_2012_Code,482112,,
1309,BTS_TSA,483,NAICS_2012_Code,483,,
1310,BTS_TSA,483,NAICS_2012_Code,4831,,
1311,BTS_TSA,483,NAICS_2012_Code,48311,,
1312,BTS_TSA,483,NAICS_2012_Code,483111,,
1313,BTS_TSA,483,NAICS_2012_Code,483112,,
1314,BTS_TSA,483,NAICS_2012_Code,483113,,
1315,BTS_TSA,483,NAICS_2012_Code,483114,,
1316,BTS_TSA,483,NAICS_2012_Code,4832,,
1317,BTS_TSA,483,NAICS_2012_Code,48321,,
1318,BTS_TSA,483,NAICS_2012_Code,483211,,
1319,BTS_TSA,483,NAICS_2012_Code,483212,,
1320,BTS_TSA,484,NAICS_2012_Code,484,,
1321,BTS_TSA,484,NAICS_2012_Code,4841,,
1322,BTS_TSA,484,NAICS_2012_Code,48411,,
1323,BTS_TSA,484,NAICS_2012_Code,484110,,
1324,BTS_TSA,484,NAICS_2012_Code,48412,,
1325,BTS_TSA,484,NAICS_2012_Code,484121,,
1326,BTS_TSA,484,NAICS_2012_Code,484122,,
1327,BTS_TSA,484,NAICS_2012_Code,4842,,
1328,BTS_TSA,484,NAICS_2012_Code,48421,,
1329,BTS_TSA,484,NAICS_2012_Code,484210,,
1330,BTS_TSA,484,NAICS_2012_Code,48422,,
1331,BTS_TSA,484,NAICS_2012_Code,484220,,
1332,BTS_TSA,484,NAICS_2012_Code,48423,,
1333,BTS_TSA,484,NAICS_2012_Code,484230,,
1334,BTS_TSA,485,NAICS_2012_Code,485,,
1335,BTS_TSA,485,NAICS_2012_Code,4851,,
1336,BTS_TSA,485,NAICS_2012_Code,48511,,
1337,BTS_TSA,485,NAICS_2012_Code,485111,,
1338,BTS_TSA,485,NAICS_2012_Code,485112,,
1339,BTS_TSA,485,NAICS_2012_Code,485113,,
1340,BTS_TSA,485,NAICS_2012_Code,485119,,
1341,BTS_TSA,485,NAICS_2012_Code,4852,,
1342,BTS_TSA,485,NAICS_2012_Code,48521,,
1343,BTS_TSA,485,NAICS_2012_Code,485210,,
1344,BTS_TSA,485,NAICS_2012_Code,4853,,
1345,BTS_TSA,485,NAICS_2012_Code,48531,,
1346,BTS_TSA,485,NAICS_2012_Code,485310,,
1347,BTS_TSA,485,NAICS_2012_Code,48532,,
1348,BTS_TSA,485,NAICS_2012_Code,485320,,
1349,BTS_TSA,485,NAICS_2012_Code,4854,,
1350,BTS_TSA,485,NAICS_2012_Code,48541,,
1351,BTS_TSA,485,NAICS_2012_Code,485410,,
1352,BTS_TSA,485,NAICS_2012_Code,4855,,
1353,BTS_TSA,485,NAICS_2012_Code,48551,,
1354,BTS_TSA,485,NAICS_2012_Code,485510,,
1355,BTS_TSA,485,NAICS_2012_Code,4859,,
1356,BTS_TSA,485,NAICS_2012_Code,48599,,
1357,BTS_TSA,485,NAICS_2012_Code,485991,,
1358,BTS_TSA,485,NAICS_2012_Code,485999,,
1359,BTS_TSA,486,NAICS_2012_Code,486,,
1360,BTS_TSA,486,NAICS_2012_Code,4861,,
1361,BTS_TSA,486,NAICS_2012_Code,48611,,
1362,BTS_TSA,486,NAICS_2012_Code,486110,,
1363,BTS_TSA,486,NAICS_2012_Code,4862,,
1364,BTS_TSA,486,NAICS_2012_Code,48621,,
1365,BTS_TSA,486,NAICS_2012_Code,486210,,
1366,BTS_TSA,486,NAICS_2012_Code,4869,,
1367,BTS_TSA,486,NAICS_2012_Code,48691,,
1368,BTS_TSA,486,NAICS_2012_Code,486910,,
1369,BTS_TSA,486,NAICS_2012_Code,48699,,
1370,BTS_TSA,486,NAICS_2012_Code,486990,,
1373,BTS_TSA,487OS,NAICS_2012_Code,48711,,
1374,BTS_TSA,487OS,NAICS_2012_Code,487110,,
1376,BTS_TSA,487OS,NAICS_2012_Code,48721,,
1377,BTS_TSA,487OS,NAICS_2012_Code,487210,,
1379,BTS_TSA,487OS,NAICS_2012_Code,48799,,
1380,BTS_TSA,487OS,NAICS_2012_Code,487990,,
1383,BTS_TSA,487OS,NAICS_2012_Code,48811,,
1384,BTS_TSA,487OS,NAICS_2012_Code,488111,,
1385,BTS_TSA,487OS,NAICS_2012_Code,488119,,
1386,BTS_TSA,487OS,NAICS_2012_Code,48819,,
1387,BTS_TSA,487OS,NAICS_2012_Code,488190,,
1389,BTS_TSA,487OS,NAICS_2012_Code,48821,,
1390,BTS_TSA,487OS,NAICS_2012_Code,488210,,
1392,BTS_TSA,487OS,NAICS_2012_Code,48831,,
1393,BTS_TSA,487OS,NAICS_2012_Code,488310,,
1394,BTS_TSA,487OS,NAICS_2012_Code,48832,,
1395,BTS_TSA,487OS,NAICS_2012_Code,488320,,
1396,BTS_TSA,487OS,NAICS_2012_Code,48833,,
1397,BTS_TSA,487OS,NAICS_2012_Code,488330,,
1398,BTS_TSA,487OS,NAICS_2012_Code,48839,,
1399,BTS_TSA,487OS,NAICS_2012_Code,488390,,
1401,BTS_TSA,487OS,NAICS_2012_Code,48841,,
1402,BTS_TSA,487OS,NAICS_2012_Code,488410,,
1403,BTS_TSA,487OS,NAICS_2012_Code,48849,,
1404,BTS_TSA,487OS,NAICS_2012_Code,488490,,
1406,BTS_TSA,487OS,NAICS_2012_Code,48851,,
1407,BTS_TSA,487OS,NAICS_2012_Code,488510,,
1409,BTS_TSA,487OS,NAICS_2012_Code,48899,,
1410,BTS_TSA,487OS,NAICS_2012_Code,488991,,
1411,BTS_TSA,487OS,NAICS_2012_Code,488999,,
1415,BTS_TSA,GFE,NAICS_2012_Code,491,,
1416,BTS_TSA,GFE,NAICS_2012_Code,4911,,
1417,BTS_TSA,GFE,NAICS_2012_Code,49111,,
1418,BTS_TSA,GFE,NAICS_2012_Code,491110,,
1421,BTS_TSA,487OS,NAICS_2012_Code,49211,,
1422,BTS_TSA,487OS,NAICS_2012_Code,492110,,
1424,BTS_TSA,487OS,NAICS_2012_Code,49221,,
1425,BTS_TSA,487OS,NAICS_2012_Code,492210,,
1426,BTS_TSA,493,NAICS_2012_Code,493,,
1427,BTS_TSA,493,NAICS_2012_Code,4931,,
1428,BTS_TSA,493,NAICS_2012_Code,49311,,
1429,BTS_TSA,493,NAICS_2012_Code,493110,,
1430,BTS_TSA,493,NAICS_2012_Code,49312,,
1431,BTS_TSA,493,NAICS_2012_Code,493120,,
1432,BTS_TSA,493,NAICS_2012_Code,49313,,
1433,BTS_TSA,493,NAICS_2012_Code,493130,,
1434,BTS_TSA,493,NAICS_2012_Code,49319,,
1435,BTS_TSA,493,NAICS_2012_Code,493190,,
1440,BTS_TSA,511,NAICS_2012_Code,511,,
1441,BTS_TSA,511,NAICS_2012_Code,5111,,
1442,BTS_TSA,511,NAICS_2012_Code,51111,,
1443,BTS_TSA,511,NAICS_2012_Code,511110,,
1444,BTS_TSA,511,NAICS_2012_Code,51112,,
1445,BTS_TSA,511,NAICS_2012_Code,511120,,
1446,BTS_TSA,511,NAICS_2012_Code,51113,,
1447,BTS_TSA,511,NAICS_2012_Code,511130,,
1448,BTS_TSA,511,NAICS_2012_Code,51114,,
1449,BTS_TSA,511,NAICS_2012_Code,511140,,
1450,BTS_TSA,511,NAICS_2012_Code,51119,,
1451,BTS_TSA,511,NAICS_2012_Code,511191,,
1452,BTS_TSA,511,NAICS_2012_Code,511199,,
1453,BTS_TSA,511,NAICS_2012_Code,5112,,
1454,BTS_TSA,511,NAICS_2012_Code,51121,,
1455,BTS_TSA,511,NAICS_2012_Code,511210,,
1456,BTS_TSA,512,NAICS_2012_Code,512,,
1457,BTS_TSA,512,NAICS_2012_Code,5121,,
1458,BTS_TSA,512,NAICS_2012_Code,51211,,
1459,BTS_TSA,512,NAICS_2012_Code,512110,,
1460,BTS_TSA,512,NAICS_2012_Code,51212,,
1461,BTS_TSA,512,NAICS_2012_Code,512120,,
1462,BTS_TSA,512,NAICS_2012_Code,51213,,
1463,BTS_TSA,512,NAICS_2012_Code,512131,,
1464,BTS_TSA,512,NAICS_2012_Code,512132,,
1465,BTS_TSA,512,NAICS_2012_Code,51219,,
1466,BTS_TSA,512,NAICS_2012_Code,512191,,
1467,BTS_TSA,512,NAICS_2012_Code,512199,,
1468,BTS_TSA,512,NAICS_2012_Code,5122,,
1469,BTS_TSA,512,NAICS_2012_Code,51221,,
1470,BTS_TSA,512,NAICS_2012_Code,512210,,
1471,BTS_TSA,512,NAICS_2012_Code,51222,,
1472,BTS_TSA,512,NAICS_2012_Code,512220,,
1473,BTS_TSA,512,NAICS_2012_Code,51223,,
1474,BTS_TSA,512,NAICS_2012_Code,512230,,
1475,BTS_TSA,512,NAICS_2012_Code,51224,,
1476,BTS_TSA,512,NAICS_2012_Code,512240,,
1477,BTS_TSA,512,NAICS_2012_Code,51229,,
1478,BTS_TSA,512,NAICS_2012_Code,512290,,
1479,BTS_TSA,513,NAICS_2012_Code,515,,
1480,BTS_TSA,513,NAICS_2012_Code,5151,,
1481,BTS_TSA,513,NAICS_2012_Code,51511,,
1482,BTS_TSA,513,NAICS_2012_Code,515111,,
1483,BTS_TSA,513,NAICS_2012_Code,515112,,
1484,BTS_TSA,513,NAICS_2012_Code,51512,,
1485,BTS_TSA,513,NAICS_2012_Code,515120,,
1486,BTS_TSA,513,NAICS_2012_Code,5152,,
1487,BTS_TSA,513,NAICS_2012_Code,51521,,
1488,BTS_TSA,513,NAICS_2012_Code,515210,,
1489,BTS_TSA,513,NAICS_2012_Code,517,,
1490,BTS_TSA,513,NAICS_2012_Code,5171,,
1491,BTS_TSA,513,NAICS_2012_Code,51711,,
1492,BTS_TSA,513,NAICS_2012_Code,517110,,
1493,BTS_TSA,513,NAICS_2012_Code,5172,,
1494,BTS_TSA,513,NAICS_2012_Code,51721,,
1495,BTS_TSA,513,NAICS_2012_Code,517210,,
1496,BTS_TSA,513,NAICS_2012_Code,5174,,
1497,BTS_TSA,513,NAICS_2012_Code,51741,,
1498,BTS_TSA,513,NAICS_2012_Code,517410,,
1499,BTS_TSA,513,NAICS_2012_Code,5179,,
1500,BTS_TSA,513,NAICS_2012_Code,51791,,
1501,BTS_TSA,513,NAICS_2012_Code,517911,,
1502,BTS_TSA,513,NAICS_2012_Code,517919,,
1503,BTS_TSA,514,NAICS_2012_Code,518,,
1504,BTS_TSA,514,NAICS_2012_Code,5182,,
1505,BTS_TSA,514,NAICS_2012_Code,51821,,
1506,BTS_TSA,514,NAICS_2012_Code,518210,,
1507,BTS_TSA,514,NAICS_2012_Code,519,,
1508,BTS_TSA,514,NAICS_2012_Code,5191,,
1509,BTS_TSA,514,NAICS_2012_Code,51911,,
1510,BTS_TSA,514,NAICS_2012_Code,519110,,
1511,BTS_TSA,514,NAICS_2012_Code,51912,,
1512,BTS_TSA,514,NAICS_2012_Code,519120,,
1513,BTS_TSA,514,NAICS_2012_Code,51913,,
1514,BTS_TSA,514,NAICS_2012_Code,519130,,
1515,BTS_TSA,514,NAICS_2012_Code,51919,,
1516,BTS_TSA,514,NAICS_2012_Code,519190,,
1523,BTS_TSA,521CI,NAICS_2012_Code,52111,,
1524,BTS_TSA,521CI,NAICS_2012_Code,521110,,
1527,BTS_TSA,521CI,NAICS_2012_Code,52211,,
1528,BTS_TSA,521CI,NAICS_2012_Code,522110,,
1529,BTS_TSA,521CI,NAICS_2012_Code,52212,,
1530,BTS_TSA,521CI,NAICS_2012_Code,522120,,
1531,BTS_TSA,521CI,NAICS_2012_Code,52213,,
1532,BTS_TSA,521CI,NAICS_2012_Code,522130,,
1533,BTS_TSA,521CI,NAICS_2012_Code,52219,,
1534,BTS_TSA,521CI,NAICS_2012_Code,522190,,
1536,BTS_TSA,521CI,NAICS_2012_Code,52221,,
1537,BTS_TSA,521CI,NAICS_2012_Code,522210,,
1538,BTS_TSA,521CI,NAICS_2012_Code,52222,,
1539,BTS_TSA,521CI,NAICS_2012_Code,522220,,
1540,BTS_TSA,521CI,NAICS_2012_Code,52229,,
1541,BTS_TSA,521CI,NAICS_2012_Code,522291,,
1542,BTS_TSA,521CI,NAICS_2012_Code,522292,,
1543,BTS_TSA,521CI,NAICS_2012_Code,522293,,
1544,BTS_TSA,521CI,NAICS_2012_Code,522294,,
1545,BTS_TSA,521CI,NAICS_2012_Code,522298,,
1547,BTS_TSA,521CI,NAICS_2012_Code,52231,,
1548,BTS_TSA,521CI,NAICS_2012_Code,522310,,
1549,BTS_TSA,521CI,NAICS_2012_Code,52232,,
1550,BTS_TSA,521CI,NAICS_2012_Code,522320,,
1551,BTS_TSA,521CI,NAICS_2012_Code,52239,,
1552,BTS_TSA,521CI,NAICS_2012_Code,522390,,
1553,BTS_TSA,523,NAICS_2012_Code,523,,
1554,BTS_TSA,523,NAICS_2012_Code,5231,,
1555,BTS_TSA,523,NAICS_2012_Code,52311,,
1556,BTS_TSA,523,NAICS_2012_Code,523110,,
1557,BTS_TSA,523,NAICS_2012_Code,52312,,
1558,BTS_TSA,523,NAICS_2012_Code,523120,,
1559,BTS_TSA,523,NAICS_2012_Code,52313,,
1560,BTS_TSA,523,NAICS_2012_Code,523130,,
1561,BTS_TSA,523,NAICS_2012_Code,52314,,
1562,BTS_TSA,523,NAICS_2012_Code,523140,,
1563,BTS_TSA,523,NAICS_2012_Code,5232,,
1564,BTS_TSA,523,NAICS_2012_Code,52321,,
1565,BTS_TSA,523,NAICS_2012_Code,523210,,
1566,BTS_TSA,523,NAICS_2012_Code,5239,,
1567,BTS_TSA,523,NAICS_2012_Code,52391,,
1568,BTS_TSA,523,NAICS_2012_Code,523910,,
1569,BTS_TSA,523,NAICS_2012_Code,52392,,
1570,BTS_TSA,523,NAICS_2012_Code,523920,,
1571,BTS_TSA,523,NAICS_2012_Code,52393,,
1572,BTS_TSA,523,NAICS_2012_Code,523930,,
1573,BTS_TSA,523,NAICS_2012_Code,52399,,
1574,BTS_TSA,523,NAICS_2012_Code,523991,,
1575,BTS_TSA,523,NAICS_2012_Code,523999,,
1576,BTS_TSA,524,NAICS_2012_Code,524,,
1577,BTS_TSA,524,NAICS_2012_Code,5241,,
1578,BTS_TSA,524,NAICS_2012_Code,52411,,
1579,BTS_TSA,524,NAICS_2012_Code,524113,,
1580,BTS_TSA,524,NAICS_2012_Code,524114,,
1581,BTS_TSA,524,NAICS_2012_Code,52412,,
1582,BTS_TSA,524,NAICS_2012_Code,524126,,
1583,BTS_TSA,524,NAICS_2012_Code,524127,,
1584,BTS_TSA,524,NAICS_2012_Code,524128,,
1585,BTS_TSA,524,NAICS_2012_Code,52413,,
1586,BTS_TSA,524,NAICS_2012_Code,524130,,
1587,BTS_TSA,524,NAICS_2012_Code,5242,,
1588,BTS_TSA,524,NAICS_2012_Code,52421,,
1589,BTS_TSA,524,NAICS_2012_Code,524210,,
1590,BTS_TSA,524,NAICS_2012_Code,52429,,
1591,BTS_TSA,524,NAICS_2012_Code,524291,,
1592,BTS_TSA,524,NAICS_2012_Code,524292,,
1593,BTS_TSA,524,NAICS_2012_Code,524298,,
1594,BTS_TSA,525,NAICS_2012_Code,525,,
1595,BTS_TSA,525,NAICS_2012_Code,5251,,
1596,BTS_TSA,525,NAICS_2012_Code,52511,,
1597,BTS_TSA,525,NAICS_2012_Code,525110,,
1598,BTS_TSA,525,NAICS_2012_Code,52512,,
1599,BTS_TSA,525,NAICS_2012_Code,525120,,
1600,BTS_TSA,525,NAICS_2012_Code,52519,,
1601,BTS_TSA,525,NAICS_2012_Code,525190,,
1602,BTS_TSA,525,NAICS_2012_Code,5259,,
1603,BTS_TSA,525,NAICS_2012_Code,52591,,
1604,BTS_TSA,525,NAICS_2012_Code,525910,,
1605,BTS_TSA,525,NAICS_2012_Code,52592,,
1606,BTS_TSA,525,NAICS_2012_Code,525920,,
1607,BTS_TSA,525,NAICS_2012_Code,52599,,
1608,BTS_TSA,525,NAICS_2012_Code,525990,,
1609,BTS_TSA,HS,NAICS_2012_Code,53,,
1612,BTS_TSA,HS,NAICS_2012_Code,531,,
1613,BTS_TSA,ORE,NAICS_2012_Code,531,,
1614,BTS_TSA,HS,NAICS_2012_Code,5311,,
1615,BTS_TSA,ORE,NAICS_2012_Code,5311,,
1616,BTS_TSA,HS,NAICS_2012_Code,53111,,
1617,BTS_TSA,ORE,NAICS_2012_Code,53111,,
1618,BTS_TSA,HS,NAICS_2012_Code,531110,,
1619,BTS_TSA,ORE,NAICS_2012_Code,531110,,
1620,BTS_TSA,HS,NAICS_2012_Code,53112,,
1621,BTS_TSA,ORE,NAICS_2012_Code,53112,,
1622,BTS_TSA,HS,NAICS_2012_Code,531120,,
1623,BTS_TSA,ORE,NAICS_2012_Code,531120,,
1624,BTS_TSA,HS,NAICS_2012_Code,53113,,
1625,BTS_TSA,ORE,NAICS_2012_Code,53113,,
1626,BTS_TSA,HS,NAICS_2012_Code,531130,,
1627,BTS_TSA,ORE,NAICS_2012_Code,531130,,
1628,BTS_TSA,HS,NAICS_2012_Code,53119,,
1629,BTS_TSA,ORE,NAICS_2012_Code,53119,,
1630,BTS_TSA,HS,NAICS_2012_Code,531190,,
1631,BTS_TSA,ORE,NAICS_2012_Code,531190,,
1632,BTS_TSA,HS,NAICS_2012_Code,5312,,
1633,BTS_TSA,ORE,NAICS_2012_Code,5312,,
1634,BTS_TSA,HS,NAICS_2012_Code,53121,,
1635,BTS_TSA,ORE,NAICS_2012_Code,53121,,
1636,BTS_TSA,HS,NAICS_2012_Code,531210,,
1637,BTS_TSA,ORE,NAICS_2012_Code,531210,,
1638,BTS_TSA,HS,NAICS_2012_Code,5313,,
1639,BTS_TSA,ORE,NAICS_2012_Code,5313,,
1640,BTS_TSA,HS,NAICS_2012_Code,53131,,
1641,BTS_TSA,ORE,NAICS_2012_Code,53131,,
1642,BTS_TSA,HS,NAICS_2012_Code,531311,,
1643,BTS_TSA,ORE,NAICS_2012_Code,531311,,
1644,BTS_TSA,HS,NAICS_2012_Code,531312,,
1645,BTS_TSA,ORE,NAICS_2012_Code,531312,,
1646,BTS_TSA,HS,NAICS_2012_Code,53132,,
1647,BTS_TSA,ORE,NAICS_2012_Code,53132,,
1648,BTS_TSA,HS,NAICS_2012_Code,531320,,
1649,BTS_TSA,ORE,NAICS_2012_Code,531320,,
1650,BTS_TSA,HS,NAICS_2012_Code,53139,,
1651,BTS_TSA,ORE,NAICS_2012_Code,53139,,
1652,BTS_TSA,HS,NAICS_2012_Code,531390,,
1653,BTS_TSA,ORE,NAICS_2012_Code,531390,,
1654,BTS_TSA,HS,NAICS_2012_Code,532,,
1656,BTS_TSA,HS,NAICS_2012_Code,5321,,
1658,BTS_TSA,HS,NAICS_2012_Code,53211,,
1659,BTS_TSA,532RL,NAICS_2012_Code,53211,,
1660,BTS_TSA,HS,NAICS_2012_Code,532111,,
1661,BTS_TSA,532RL,NAICS_2012_Code,532111,,
1662,BTS_TSA,HS,NAICS_2012_Code,532112,,
1663,BTS_TSA,532RL,NAICS_2012_Code,532112,,
1664,BTS_TSA,HS,NAICS_2012_Code,53212,,
1665,BTS_TSA,532RL,NAICS_2012_Code,53212,,
1666,BTS_TSA,HS,NAICS_2012_Code,532120,,
1667,BTS_TSA,532RL,NAICS_2012_Code,532120,,
1668,BTS_TSA,HS,NAICS_2012_Code,5322,,
1670,BTS_TSA,HS,NAICS_2012_Code,53221,,
1671,BTS_TSA,532RL,NAICS_2012_Code,53221,,
1672,BTS_TSA,HS,NAICS_2012_Code,532210,,
1673,BTS_TSA,532RL,NAICS_2012_Code,532210,,
1674,BTS_TSA,HS,NAICS_2012_Code,53222,,
1675,BTS_TSA,532RL,NAICS_2012_Code,53222,,
1676,BTS_TSA,HS,NAICS_2012_Code,532220,,
1677,BTS_TSA,532RL,NAICS_2012_Code,532220,,
1678,BTS_TSA,HS,NAICS_2012_Code,53223,,
1679,BTS_TSA,532RL,NAICS_2012_Code,53223,,
1680,BTS_TSA,HS,NAICS_2012_Code,532230,,
1681,BTS_TSA,532RL,NAICS_2012_Code,532230,,
1682,BTS_TSA,HS,NAICS_2012_Code,53229,,
1683,BTS_TSA,532RL,NAICS_2012_Code,53229,,
1684,BTS_TSA,HS,NAICS_2012_Code,532291,,
1685,BTS_TSA,532RL,NAICS_2012_Code,532291,,
1686,BTS_TSA,HS,NAICS_2012_Code,532292,,
1687,BTS_TSA,532RL,NAICS_2012_Code,532292,,
1688,BTS_TSA,HS,NAICS_2012_Code,532299,,
1689,BTS_TSA,532RL,NAICS_2012_Code,532299,,
1690,BTS_TSA,HS,NAICS_2012_Code,5323,,
1692,BTS_TSA,HS,NAICS_2012_Code,53231,,
1693,BTS_TSA,532RL,NAICS_2012_Code,53231,,
1694,BTS_TSA,HS,NAICS_2012_Code,532310,,
1695,BTS_TSA,532RL,NAICS_2012_Code,532310,,
1696,BTS_TSA,HS,NAICS_2012_Code,5324,,
1698,BTS_TSA,HS,NAICS_2012_Code,53241,,
1699,BTS_TSA,532RL,NAICS_2012_Code,53241,,
1700,BTS_TSA,HS,NAICS_2012_Code,532411,,
1701,BTS_TSA,532RL,NAICS_2012_Code,532411,,
1702,BTS_TSA,HS,NAICS_2012_Code,532412,,
1703,BTS_TSA,532RL,NAICS_2012_Code,532412,,
1704,BTS_TSA,HS,NAICS_2012_Code,53242,,
1705,BTS_TSA,532RL,NAICS_2012_Code,53242,,
1706,BTS_TSA,HS,NAICS_2012_Code,532420,,
1707,BTS_TSA,532RL,NAICS_2012_Code,532420,,
1708,BTS_TSA,HS,NAICS_2012_Code,53249,,
1709,BTS_TSA,532RL,NAICS_2012_Code,53249,,
1710,BTS_TSA,HS,NAICS_2012_Code,532490,,
1711,BTS_TSA,532RL,NAICS_2012_Code,532490,,
1712,BTS_TSA,HS,NAICS_2012_Code,533,,
1714,BTS_TSA,HS,NAICS_2012_Code,5331,,
1716,BTS_TSA,HS,NAICS_2012_Code,53311,,
1717,BTS_TSA,532RL,NAICS_2012_Code,53311,,
1718,BTS_TSA,HS,NAICS_2012_Code,533110,,
1719,BTS_TSA,532RL,NAICS_2012_Code,533110,,
1726,BTS_TSA,5411,NAICS_2012_Code,5411,,
1727,BTS_TSA,5411,NAICS_2012_Code,54111,,
1728,BTS_TSA,5411,NAICS_2012_Code,541110,,
1729,BTS_TSA,5411,NAICS_2012_Code,54112,,
1730,BTS_TSA,5411,NAICS_2012_Code,541120,,
1731,BTS_TSA,5411,NAICS_2012_Code,54119,,
1732,BTS_TSA,5411,NAICS_2012_Code,541191,,
1733,BTS_TSA,5411,NAICS_2012_Code,541199,,
1736,BTS_TSA,5412OP,NAICS_2012_Code,541211,,
1737,BTS_TSA,5412OP,NAICS_2012_Code,541213,,
1738,BTS_TSA,5412OP,NAICS_2012_Code,541214,,
1739,BTS_TSA,5412OP,NAICS_2012_Code,541219,,
1742,BTS_TSA,5412OP,NAICS_2012_Code,541310,,
1744,BTS_TSA,5412OP,NAICS_2012_Code,541320,,
1746,BTS_TSA,5412OP,NAICS_2012_Code,541330,,
1748,BTS_TSA,5412OP,NAICS_2012_Code,541340,,
1750,BTS_TSA,5412OP,NAICS_2012_Code,541350,,
1752,BTS_TSA,5412OP,NAICS_2012_Code,541360,,
1754,BTS_TSA,5412OP,NAICS_2012_Code,541370,,
1756,BTS_TSA,5412OP,NAICS_2012_Code,541380,,
1759,BTS_TSA,5412OP,NAICS_2012_Code,541410,,
1761,BTS_TSA,5412OP,NAICS_2012_Code,541420,,
1763,BTS_TSA,5412OP,NAICS_2012_Code,541430,,
1765,BTS_TSA,5412OP,NAICS_2012_Code,541490,,
1766,BTS_TSA,5415,NAICS_2012_Code,5415,,
1767,BTS_TSA,5415,NAICS_2012_Code,54151,,
1768,BTS_TSA,5415,NAICS_2012_Code,541511,,
1769,BTS_TSA,5415,NAICS_2012_Code,541512,,
1770,BTS_TSA,5415,NAICS_2012_Code,541513,,
1771,BTS_TSA,5415,NAICS_2012_Code,541519,,
1774,BTS_TSA,5412OP,NAICS_2012_Code,541611,,
1775,BTS_TSA,5412OP,NAICS_2012_Code,541612,,
1776,BTS_TSA,5412OP,NAICS_2012_Code,541613,,
1777,BTS_TSA,5412OP,NAICS_2012_Code,541614,,
1778,BTS_TSA,5412OP,NAICS_2012_Code,541618,,
1780,BTS_TSA,5412OP,NAICS_2012_Code,541620,,
1782,BTS_TSA,5412OP,NAICS_2012_Code,541690,,
1785,BTS_TSA,5412OP,NAICS_2012_Code,541711,,
1786,BTS_TSA,5412OP,NAICS_2012_Code,541712,,
1788,BTS_TSA,5412OP,NAICS_2012_Code,541720,,
1791,BTS_TSA,5412OP,NAICS_2012_Code,541810,,
1793,BTS_TSA,5412OP,NAICS_2012_Code,541820,,
1795,BTS_TSA,5412OP,NAICS_2012_Code,541830,,
1797,BTS_TSA,5412OP,NAICS_2012_Code,541840,,
1799,BTS_TSA,5412OP,NAICS_2012_Code,541850,,
1801,BTS_TSA,5412OP,NAICS_2012_Code,541860,,
1803,BTS_TSA,5412OP,NAICS_2012_Code,541870,,
1805,BTS_TSA,5412OP,NAICS_2012_Code,541890,,
1808,BTS_TSA,5412OP,NAICS_2012_Code,541910,,
1810,BTS_TSA,5412OP,NAICS_2012_Code,541921,,
1811,BTS_TSA,5412OP,NAICS_2012_Code,541922,,
1813,BTS_TSA,5412OP,NAICS_2012_Code,541930,,
1815,BTS_TSA,5412OP,NAICS_2012_Code,541940,,
1817,BTS_TSA,5412OP,NAICS_2012_Code,541990,,
1818,BTS_TSA,55,NAICS_2012_Code,55,,
1819,BTS_TSA,55,NAICS_2012_Code,551,,
1820,BTS_TSA,55,NAICS_2012_Code,5511,,
1821,BTS_TSA,55,NAICS_2012_Code,55111,,
1822,BTS_TSA,55,NAICS_2012_Code,551111,,
1823,BTS_TSA,55,NAICS_2012_Code,551112,,
1824,BTS_TSA,55,NAICS_2012_Code,551114,,
1827,BTS_TSA,561,NAICS_2012_Code,561,,
1828,BTS_TSA,561,NAICS_2012_Code,5611,,
1829,BTS_TSA,561,NAICS_2012_Code,56111,,
1830,BTS_TSA,561,NAICS_2012_Code,561110,,
1831,BTS_TSA,561,NAICS_2012_Code,5612,,
1832,BTS_TSA,561,NAICS_2012_Code,56121,,
1833,BTS_TSA,561,NAICS_2012_Code,561210,,
1834,BTS_TSA,561,NAICS_2012_Code,5613,,
1835,BTS_TSA,561,NAICS_2012_Code,56131,,
1836,BTS_TSA,561,NAICS_2012_Code,561311,,
1837,BTS_TSA,561,NAICS_2012_Code,561312,,
1838,BTS_TSA,561,NAICS_2012_Code,56132,,
1839,BTS_TSA,561,NAICS_2012_Code,561320,,
1840,BTS_TSA,561,NAICS_2012_Code,56133,,
1841,BTS_TSA,561,NAICS_2012_Code,561330,,
1842,BTS_TSA,561,NAICS_2012_Code,5614,,
1843,BTS_TSA,561,NAICS_2012_Code,56141,,
1844,BTS_TSA,561,NAICS_2012_Code,561410,,
1845,BTS_TSA,561,NAICS_2012_Code,56142,,
1846,BTS_TSA,561,NAICS_2012_Code,561421,,
1847,BTS_TSA,561,NAICS_2012_Code,561422,,
1848,BTS_TSA,561,NAICS_2012_Code,56143,,
1849,BTS_TSA,561,NAICS_2012_Code,561431,,
1850,BTS_TSA,561,NAICS_2012_Code,561439,,
1851,BTS_TSA,561,NAICS_2012_Code,56144,,
1852,BTS_TSA,561,NAICS_2012_Code,561440,,
1853,BTS_TSA,561,NAICS_2012_Code,56145,,
1854,BTS_TSA,561,NAICS_2012_Code,561450,,
1855,BTS_TSA,561,NAICS_2012_Code,56149,,
1856,BTS_TSA,561,NAICS_2012_Code,561491,,
1857,BTS_TSA,561,NAICS_2012_Code,561492,,
1858,BTS_TSA,561,NAICS_2012_Code,561499,,
1859,BTS_TSA,561,NAICS_2012_Code,5615,,
1860,BTS_TSA,561,NAICS_2012_Code,56151,,
1861,BTS_TSA,561,NAICS_2012_Code,561510,,
1862,BTS_TSA,561,NAICS_2012_Code,56152,,
1863,BTS_TSA,561,NAICS_2012_Code,561520,,
1864,BTS_TSA,561,NAICS_2012_Code,56159,,
1865,BTS_TSA,561,NAICS_2012_Code,561591,,
1866,BTS_TSA,561,NAICS_2012_Code,561599,,
1867,BTS_TSA,561,NAICS_2012_Code,5616,,
1868,BTS_TSA,561,NAICS_2012_Code,56161,,
1869,BTS_TSA,561,NAICS_2012_Code,561611,,
1870,BTS_TSA,561,NAICS_2012_Code,561612,,
1871,BTS_TSA,561,NAICS_2012_Code,561613,,
1872,BTS_TSA,561,NAICS_2012_Code,56162,,
1873,BTS_TSA,561,NAICS_2012_Code,561621,,
1874,BTS_TSA,561,NAICS_2012_Code,561622,,
1875,BTS_TSA,561,NAICS_2012_Code,5617,,
1876,BTS_TSA,561,NAICS_2012_Code,56171,,
1877,BTS_TSA,561,NAICS_2012_Code,561710,,
1878,BTS_TSA,561,NAICS_2012_Code,56172,,
1879,BTS_TSA,561,NAICS_2012_Code,561720,,
1880,BTS_TSA,561,NAICS_2012_Code,56173,,
1881,BTS_TSA,561,NAICS_2012_Code,561730,,
1882,BTS_TSA,561,NAICS_2012_Code,56174,,
1883,BTS_TSA,561,NAICS_2012_Code,561740,,
1884,BTS_TSA,561,NAICS_2012_Code,56179,,
1885,BTS_TSA,561,NAICS_2012_Code,561790,,
1886,BTS_TSA,561,NAICS_2012_Code,5619,,
1887,BTS_TSA,561,NAICS_2012_Code,56191,,
1888,BTS_TSA,561,NAICS_2012_Code,561910,,
1889,BTS_TSA,561,NAICS_2012_Code,56192,,
1890,BTS_TSA,561,NAICS_2012_Code,561920,,
1891,BTS_TSA,561,NAICS_2012_Code,56199,,
1892,BTS_TSA,561,NAICS_2012_Code,561990,,
1893,BTS_TSA,562,NAICS_2012_Code,562,,
1894,BTS_TSA,562,NAICS_2012_Code,5621,,
1895,BTS_TSA,562,NAICS_2012_Code,56211,,
1896,BTS_TSA,562,NAICS_2012_Code,562111,,
1897,BTS_TSA,562,NAICS_2012_Code,562112,,
1898,BTS_TSA,562,NAICS_2012_Code,562119,,
1899,BTS_TSA,562,NAICS_2012_Code,5622,,
1900,BTS_TSA,562,NAICS_2012_Code,56221,,
1901,BTS_TSA,562,NAICS_2012_Code,562211,,
1902,BTS_TSA,562,NAICS_2012_Code,562212,,
1903,BTS_TSA,562,NAICS_2012_Code,562213,,
1904,BTS_TSA,562,NAICS_2012_Code,562219,,
1905,BTS_TSA,562,NAICS_2012_Code,5629,,
1906,BTS_TSA,562,NAICS_2012_Code,56291,,
1907,BTS_TSA,562,NAICS_2012_Code,562910,,
1908,BTS_TSA,562,NAICS_2012_Code,56292,,
1909,BTS_TSA,562,NAICS_2012_Code,562920,,
1910,BTS_TSA,562,NAICS_2012_Code,56299,,
1911,BTS_TSA,562,NAICS_2012_Code,562991,,
1912,BTS_TSA,562,NAICS_2012_Code,562998,,
1913,BTS_TSA,61,NAICS_2012_Code,61,,
1914,BTS_TSA,61,NAICS_2012_Code,611,,
1915,BTS_TSA,61,NAICS_2012_Code,6111,,
1916,BTS_TSA,61,NAICS_2012_Code,61111,,
1917,BTS_TSA,61,NAICS_2012_Code,611110,,
1918,BTS_TSA,61,NAICS_2012_Code,6112,,
1919,BTS_TSA,61,NAICS_2012_Code,61121,,
1920,BTS_TSA,61,NAICS_2012_Code,611210,,
1921,BTS_TSA,61,NAICS_2012_Code,6113,,
1922,BTS_TSA,61,NAICS_2012_Code,61131,,
1923,BTS_TSA,61,NAICS_2012_Code,611310,,
1924,BTS_TSA,61,NAICS_2012_Code,6114,,
1925,BTS_TSA,61,NAICS_2012_Code,61141,,
1926,BTS_TSA,61,NAICS_2012_Code,611410,,
1927,BTS_TSA,61,NAICS_2012_Code,61142,,
1928,BTS_TSA,61,NAICS_2012_Code,611420,,
1929,BTS_TSA,61,NAICS_2012_Code,61143,,
1930,BTS_TSA,61,NAICS_2012_Code,611430,,
1931,BTS_TSA,61,NAICS_2012_Code,6115,,
1932,BTS_TSA,61,NAICS_2012_Code,61151,,
1933,BTS_TSA,61,NAICS_2012_Code,611511,,
1934,BTS_TSA,61,NAICS_2012_Code,611512,,
1935,BTS_TSA,61,NAICS_2012_Code,611513,,
1936,BTS_TSA,61,NAICS_2012_Code,611519,,
1937,BTS_TSA,61,NAICS_2012_Code,6116,,
1938,BTS_TSA,61,NAICS_2012_Code,61161,,
1939,BTS_TSA,61,NAICS_2012_Code,611610,,
1940,BTS_TSA,61,NAICS_2012_Code,61162,,
1941,BTS_TSA,61,NAICS_2012_Code,611620,,
1942,BTS_TSA,61,NAICS_2012_Code,61163,,
1943,BTS_TSA,61,NAICS_2012_Code,611630,,
1944,BTS_TSA,61,NAICS_2012_Code,61169,,
1945,BTS_TSA,61,NAICS_2012_Code,611691,,
1946,BTS_TSA,61,NAICS_2012_Code,611692,,
1947,BTS_TSA,61,NAICS_2012_Code,611699,,
1948,BTS_TSA,61,NAICS_2012_Code,6117,,
1949,BTS_TSA,61,NAICS_2012_Code,61171,,
1950,BTS_TSA,61,NAICS_2012_Code,611710,,
1955,BTS_TSA,621,NAICS_2012_Code,621,,
1956,BTS_TSA,621,NAICS_2012_Code,6211,,
1957,BTS_TSA,621,NAICS_2012_Code,62111,,
1958,BTS_TSA,621,NAICS_2012_Code,621111,,
1959,BTS_TSA,621,NAICS_2012_Code,621112,,
1960,BTS_TSA,621,NAICS_2012_Code,6212,,
1961,BTS_TSA,621,NAICS_2012_Code,62121,,
1962,BTS_TSA,621,NAICS_2012_Code,621210,,
1963,BTS_TSA,621,NAICS_2012_Code,6213,,
1964,BTS_TSA,621,NAICS_2012_Code,62131,,
1965,BTS_TSA,621,NAICS_2012_Code,621310,,
1966,BTS_TSA,621,NAICS_2012_Code,62132,,
1967,BTS_TSA,621,NAICS_2012_Code,621320,,
1968,BTS_TSA,621,NAICS_2012_Code,62133,,
1969,BTS_TSA,621,NAICS_2012_Code,621330,,
1970,BTS_TSA,621,NAICS_2012_Code,62134,,
1971,BTS_TSA,621,NAICS_2012_Code,621340,,
1972,BTS_TSA,621,NAICS_2012_Code,62139,,
1973,BTS_TSA,621,NAICS_2012_Code,621391,,
1974,BTS_TSA,621,NAICS_2012_Code,621399,,
1975,BTS_TSA,621,NAICS_2012_Code,6214,,
1976,BTS_TSA,621,NAICS_2012_Code,62141,,
1977,BTS_TSA,621,NAICS_2012_Code,621410,,
1978,BTS_TSA,621,NAICS_2012_Code,62142,,
1979,BTS_TSA,621,NAICS_2012_Code,621420,,
1980,BTS_TSA,621,NAICS_2012_Code,62149,,
1981,BTS_TSA,621,NAICS_2012_Code,621491,,
1982,BTS_TSA,621,NAICS_2012_Code,621492,,
1983,BTS_TSA,621,NAICS_2012_Code,621493,,
1984,BTS_TSA,621,NAICS_2012_Code,621498,,
1985,BTS_TSA,621,NAICS_2012_Code,6215,,
1986,BTS_TSA,621,NAICS_2012_Code,62151,,
1987,BTS_TSA,621,NAICS_2012_Code,621511,,
1988,BTS_TSA,621,NAICS_2012_Code,621512,,
1989,BTS_TSA,621,NAICS_2012_Code,6216,,
1990,BTS_TSA,621,NAICS_2012_Code,62161,,
1991,BTS_TSA,621,NAICS_2012_Code,621610,,
1992,BTS_TSA,621,NAICS_2012_Code,6219,,
1993,BTS_TSA,621,NAICS_2012_Code,62191,,
1994,BTS_TSA,621,NAICS_2012_Code,621910,,
1995,BTS_TSA,621,NAICS_2012_Code,62199,,
1996,BTS_TSA,621,NAICS_2012_Code,621991,,
1997,BTS_TSA,621,NAICS_2012_Code,621999,,
1998,BTS_TSA,622,NAICS_2012_Code,622,,
1999,BTS_TSA,622,NAICS_2012_Code,6221,,
2000,BTS_TSA,622,NAICS_2012_Code,62211,,
2001,BTS_TSA,622,NAICS_2012_Code,622110,,
2002,BTS_TSA,622,NAICS_2012_Code,6222,,
2003,BTS_TSA,622,NAICS_2012_Code,62221,,
2004,BTS_TSA,622,NAICS_2012_Code,622210,,
2005,BTS_TSA,622,NAICS_2012_Code,6223,,
2006,BTS_TSA,622,NAICS_2012_Code,62231,,
2007,BTS_TSA,622,NAICS_2012_Code,622310,,
2008,BTS_TSA,623,NAICS_2012_Code,623,,
2009,BTS_TSA,623,NAICS_2012_Code,6231,,
2010,BTS_TSA,623,NAICS_2012_Code,62311,,
2011,BTS_TSA,623,NAICS_2012_Code,623110,,
2012,BTS_TSA,623,NAICS_2012_Code,6232,,
2013,BTS_TSA,623,NAICS_2012_Code,62321,,
2014,BTS_TSA,623,NAICS_2012_Code,623210,,
2015,BTS_TSA,623,NAICS_2012_Code,62322,,
2016,BTS_TSA,623,NAICS_2012_Code,623220,,
2017,BTS_TSA,623,NAICS_2012_Code,6233,,
2018,BTS_TSA,623,NAICS_2012_Code,62331,,
2019,BTS_TSA,623,NAICS_2012_Code,623311,,
2020,BTS_TSA,623,NAICS_2012_Code,623312,,
2021,BTS_TSA,623,NAICS_2012_Code,6239,,
2022,BTS_TSA,623,NAICS_2012_Code,62399,,
2023,BTS_TSA,623,NAICS_2012_Code,623990,,
2024,BTS_TSA,624,NAICS_2012_Code,624,,
2025,BTS_TSA,624,NAICS_2012_Code,6241,,
2026,BTS_TSA,624,NAICS_2012_Code,62411,,
2027,BTS_TSA,624,NAICS_2012_Code,624110,,
2028,BTS_TSA,624,NAICS_2012_Code,62412,,
2029,BTS_TSA,624,NAICS_2012_Code,624120,,
2030,BTS_TSA,624,NAICS_2012_Code,62419,,
2031,BTS_TSA,624,NAICS_2012_Code,624190,,
2032,BTS_TSA,624,NAICS_2012_Code,6242,,
2033,BTS_TSA,624,NAICS_2012_Code,62421,,
2034,BTS_TSA,624,NAICS_2012_Code,624210,,
2035,BTS_TSA,624,NAICS_2012_Code,62422,,
2036,BTS_TSA,624,NAICS_2012_Code,624221,,
2037,BTS_TSA,624,NAICS_2012_Code,624229,,
2038,BTS_TSA,624,NAICS_2012_Code,62423,,
2039,BTS_TSA,624,NAICS_2012_Code,624230,,
2040,BTS_TSA,624,NAICS_2012_Code,6243,,
2041,BTS_TSA,624,NAICS_2012_Code,62431,,
2042,BTS_TSA,624,NAICS_2012_Code,624310,,
2043,BTS_TSA,624,NAICS_2012_Code,6244,,
2044,BTS_TSA,624,NAICS_2012_Code,62441,,
2045,BTS_TSA,624,NAICS_2012_Code,624410,,
2050,BTS_TSA,711AS,NAICS_2012_Code,71111,,
2051,BTS_TSA,711AS,NAICS_2012_Code,711110,,
2052,BTS_TSA,711AS,NAICS_2012_Code,71112,,
2053,BTS_TSA,711AS,NAICS_2012_Code,711120,,
2054,BTS_TSA,711AS,NAICS_2012_Code,71113,,
2055,BTS_TSA,711AS,NAICS_2012_Code,711130,,
2056,BTS_TSA,711AS,NAICS_2012_Code,71119,,
2057,BTS_TSA,711AS,NAICS_2012_Code,711190,,
2059,BTS_TSA,711AS,NAICS_2012_Code,71121,,
2060,BTS_TSA,711AS,NAICS_2012_Code,711211,,
2061,BTS_TSA,711AS,NAICS_2012_Code,711212,,
2062,BTS_TSA,711AS,NAICS_2012_Code,711219,,
2064,BTS_TSA,711AS,NAICS_2012_Code,71131,,
2065,BTS_TSA,711AS,NAICS_2012_Code,711310,,
2066,BTS_TSA,711AS,NAICS_2012_Code,71132,,
2067,BTS_TSA,711AS,NAICS_2012_Code,711320,,
2069,BTS_TSA,711AS,NAICS_2012_Code,71141,,
2070,BTS_TSA,711AS,NAICS_2012_Code,711410,,
2072,BTS_TSA,711AS,NAICS_2012_Code,71151,,
2073,BTS_TSA,711AS,NAICS_2012_Code,711510,,
2076,BTS_TSA,711AS,NAICS_2012_Code,71211,,
2077,BTS_TSA,711AS,NAICS_2012_Code,712110,,
2078,BTS_TSA,711AS,NAICS_2012_Code,71212,,
2079,BTS_TSA,711AS,NAICS_2012_Code,712120,,
2080,BTS_TSA,711AS,NAICS_2012_Code,71213,,
2081,BTS_TSA,711AS,NAICS_2012_Code,712130,,
2082,BTS_TSA,711AS,NAICS_2012_Code,71219,,
2083,BTS_TSA,711AS,NAICS_2012_Code,712190,,
2084,BTS_TSA,713,NAICS_2012_Code,713,,
2085,BTS_TSA,713,NAICS_2012_Code,7131,,
2086,BTS_TSA,713,NAICS_2012_Code,71311,,
2087,BTS_TSA,713,NAICS_2012_Code,713110,,
2088,BTS_TSA,713,NAICS_2012_Code,71312,,
2089,BTS_TSA,713,NAICS_2012_Code,713120,,
2090,BTS_TSA,713,NAICS_2012_Code,7132,,
2091,BTS_TSA,713,NAICS_2012_Code,71321,,
2092,BTS_TSA,713,NAICS_2012_Code,713210,,
2093,BTS_TSA,713,NAICS_2012_Code,71329,,
2094,BTS_TSA,713,NAICS_2012_Code,713290,,
2095,BTS_TSA,713,NAICS_2012_Code,7139,,
2096,BTS_TSA,713,NAICS_2012_Code,71391,,
2097,BTS_TSA,713,NAICS_2012_Code,713910,,
2098,BTS_TSA,713,NAICS_2012_Code,71392,,
2099,BTS_TSA,713,NAICS_2012_Code,713920,,
2100,BTS_TSA,713,NAICS_2012_Code,71393,,
2101,BTS_TSA,713,NAICS_2012_Code,713930,,
2102,BTS_TSA,713,NAICS_2012_Code,71394,,
2103,BTS_TSA,713,NAICS_2012_Code,713940,,
2104,BTS_TSA,713,NAICS_2012_Code,71395,,
2105,BTS_TSA,713,NAICS_2012_Code,713950,,
2106,BTS_TSA,713,NAICS_2012_Code,71399,,
2107,BTS_TSA,713,NAICS_2012_Code,713990,,
2110,BTS_TSA,721,NAICS_2012_Code,721,,
2111,BTS_TSA,721,NAICS_2012_Code,7211,,
2112,BTS_TSA,721,NAICS_2012_Code,72111,,
2113,BTS_TSA,721,NAICS_2012_Code,721110,,
2114,BTS_TSA,721,NAICS_2012_Code,72112,,
2115,BTS_TSA,721,NAICS_2012_Code,721120,,
2116,BTS_TSA,721,NAICS_2012_Code,72119,,
2117,BTS_TSA,721,NAICS_2012_Code,721191,,
2118,BTS_TSA,721,NAICS_2012_Code,721199,,
2119,BTS_TSA,721,NAICS_2012_Code,7212,,
2120,BTS_TSA,721,NAICS_2012_Code,72121,,
2121,BTS_TSA,721,NAICS_2012_Code,721211,,
2122,BTS_TSA,721,NAICS_2012_Code,721214,,
2123,BTS_TSA,721,NAICS_2012_Code,7213,,
2124,BTS_TSA,721,NAICS_2012_Code,72131,,
2125,BTS_TSA,721,NAICS_2012_Code,721310,,
2126,BTS_TSA,722,NAICS_2012_Code,722,,
2127,BTS_TSA,722,NAICS_2012_Code,7223,,
2128,BTS_TSA,722,NAICS_2012_Code,72231,,
2129,BTS_TSA,722,NAICS_2012_Code,722310,,
2130,BTS_TSA,722,NAICS_2012_Code,72232,,
2131,BTS_TSA,722,NAICS_2012_Code,722320,,
2132,BTS_TSA,722,NAICS_2012_Code,72233,,
2133,BTS_TSA,722,NAICS_2012_Code,722330,,
2134,BTS_TSA,722,NAICS_2012_Code,7224,,
2135,BTS_TSA,722,NAICS_2012_Code,72241,,
2136,BTS_TSA,722,NAICS_2012_Code,722410,,
2137,BTS_TSA,722,NAICS_2012_Code,7225,,
2138,BTS_TSA,722,NAICS_2012_Code,72251,,
2139,BTS_TSA,722,NAICS_2012_Code,722511,,
2140,BTS_TSA,722,NAICS_2012_Code,722513,,
2141,BTS_TSA,722,NAICS_2012_Code,722514,,
2142,BTS_TSA,722,NAICS_2012_Code,722515,,
2143,BTS_TSA,81,NAICS_2012_Code,81,,
2144,BTS_TSA,81,NAICS_2012_Code,811,,
2145,BTS_TSA,81,NAICS_2012_Code,8111,,
2146,BTS_TSA,81,NAICS_2012_Code,81111,,
2147,BTS_TSA,81,NAICS_2012_Code,811111,,
2148,BTS_TSA,81,NAICS_2012_Code,811112,,
2149,BTS_TSA,81,NAICS_2012_Code,811113,,
2150,BTS_TSA,81,NAICS_2012_Code,811118,,
2151,BTS_TSA,81,NAICS_2012_Code,81112,,
2152,BTS_TSA,81,NAICS_2012_Code,811121,,
2153,BTS_TSA,81,NAICS_2012_Code,811122,,
2154,BTS_TSA,81,NAICS_2012_Code,81119,,
2155,BTS_TSA,81,NAICS_2012_Code,811191,,
2156,BTS_TSA,81,NAICS_2012_Code,811192,,
2157,BTS_TSA,81,NAICS_2012_Code,811198,,
2158,BTS_TSA,81,NAICS_2012_Code,8112,,
2159,BTS_TSA,81,NAICS_2012_Code,81121,,
2160,BTS_TSA,81,NAICS_2012_Code,811211,,
2161,BTS_TSA,81,NAICS_2012_Code,811212,,
2162,BTS_TSA,81,NAICS_2012_Code,811213,,
2163,BTS_TSA,81,NAICS_2012_Code,811219,,
2164,BTS_TSA,81,NAICS_2012_Code,8113,,
2165,BTS_TSA,81,NAICS_2012_Code,81131,,
2166,BTS_TSA,81,NAICS_2012_Code,811310,,
2167,BTS_TSA,81,NAICS_2012_Code,8114,,
2168,BTS_TSA,81,NAICS_2012_Code,81141,,
2169,BTS_TSA,81,NAICS_2012_Code,811411,,
2170,BTS_TSA,81,NAICS_2012_Code,811412,,
2171,BTS_TSA,81,NAICS_2012_Code,81142,,
2172,BTS_TSA,81,NAICS_2012_Code,811420,,
2173,BTS_TSA,81,NAICS_2012_Code,81143,,
2174,BTS_TSA,81,NAICS_2012_Code,811430,,
2175,BTS_TSA,81,NAICS_2012_Code,81149,,
2176,BTS_TSA,81,NAICS_2012_Code,811490,,
2177,BTS_TSA,81,NAICS_2012_Code,812,,
2178,BTS_TSA,81,NAICS_2012_Code,8121,,
2179,BTS_TSA,81,NAICS_2012_Code,81211,,
2180,BTS_TSA,81,NAICS_2012_Code,812111,,
2181,BTS_TSA,81,NAICS_2012_Code,812112,,
2182,BTS_TSA,81,NAICS_2012_Code,812113,,
2183,BTS_TSA,81,NAICS_2012_Code,81219,,
2184,BTS_TSA,81,NAICS_2012_Code,812191,,
2185,BTS_TSA,81,NAICS_2012_Code,812199,,
2186,BTS_TSA,81,NAICS_2012_Code,8122,,
2187,BTS_TSA,81,NAICS_2012_Code,81221,,
2188,BTS_TSA,81,NAICS_2012_Code,812210,,
2189,BTS_TSA,81,NAICS_2012_Code,81222,,
2190,BTS_TSA,81,NAICS_2012_Code,812220,,
2191,BTS_TSA,81,NAICS_2012_Code,8123,,
2192,BTS_TSA,81,NAICS_2012_Code,81231,,
2193,BTS_TSA,81,NAICS_2012_Code,812310,,
2194,BTS_TSA,81,NAICS_2012_Code,81232,,
2195,BTS_TSA,81,NAICS_2012_Code,812320,,
2196,BTS_TSA,81,NAICS_2012_Code,81233,,
2197,BTS_TSA,81,NAICS_2012_Code,812331,,
2198,BTS_TSA,81,NAICS_2012_Code,812332,,
2199,BTS_TSA,81,NAICS_2012_Code,8129,,
2200,BTS_TSA,81,NAICS_2012_Code,81291,,
2201,BTS_TSA,81,NAICS_2012_Code,812910,,
2202,BTS_TSA,81,NAICS_2012_Code,81292,,
2203,BTS_TSA,81,NAICS_2012_Code,812921,,
2204,BTS_TSA,81,NAICS_2012_Code,812922,,
2205,BTS_TSA,81,NAICS_2012_Code,81293,,
2206,BTS_TSA,81,NAICS_2012_Code,812930,,
2207,BTS_TSA,81,NAICS_2012_Code,81299,,
2208,BTS_TSA,81,NAICS_2012_Code,812990,,
2209,BTS_TSA,81,NAICS_2012_Code,813,,
2210,BTS_TSA,81,NAICS_2012_Code,8131,,
2211,BTS_TSA,81,NAICS_2012_Code,81311,,
2212,BTS_TSA,81,NAICS_2012_Code,813110,,
2213,BTS_TSA,81,NAICS_2012_Code,8132,,
2214,BTS_TSA,81,NAICS_2012_Code,81321,,
2215,BTS_TSA,81,NAICS_2012_Code,813211,,
2216,BTS_TSA,81,NAICS_2012_Code,813212,,
2217,BTS_TSA,81,NAICS_2012_Code,813219,,
2218,BTS_TSA,81,NAICS_2012_Code,8133,,
2219,BTS_TSA,81,NAICS_2012_Code,81331,,
2220,BTS_TSA,81,NAICS_2012_Code,813311,,
2221,BTS_TSA,81,NAICS_2012_Code,813312,,
2222,BTS_TSA,81,NAICS_2012_Code,813319,,
2223,BTS_TSA,81,NAICS_2012_Code,8134,,
2224,BTS_TSA,81,NAICS_2012_Code,81341,,
2225,BTS_TSA,81,NAICS_2012_Code,813410,,
2226,BTS_TSA,81,NAICS_2012_Code,8139,,
2227,BTS_TSA,81,NAICS_2012_Code,81391,,
2228,BTS_TSA,81,NAICS_2012_Code,813910,,
2229,BTS_TSA,81,NAICS_2012_Code,81392,,
2230,BTS_TSA,81,NAICS_2012_Code,813920,,
2231,BTS_TSA,81,NAICS_2012_Code,81393,,
2232,BTS_TSA,81,NAICS_2012_Code,813930,,
2233,BTS_TSA,81,NAICS_2012_Code,81394,,
2234,BTS_TSA,81,NAICS_2012_Code,813940,,
2235,BTS_TSA,81,NAICS_2012_Code,81399,,
2236,BTS_TSA,81,NAICS_2012_Code,813990,,
2237,BTS_TSA,81,NAICS_2012_Code,814,,
2238,BTS_TSA,81,NAICS_2012_Code,8141,,
2239,BTS_TSA,81,NAICS_2012_Code,81411,,
2240,BTS_TSA,81,NAICS_2012_Code,814110,,
2248,BTS_TSA,GSLG,NAICS_2012_Code,9211,,
2249,BTS_TSA,GFGN,NAICS_2012_Code,9211,,
2250,BTS_TSA,GSLG,NAICS_2012_Code,92111,,
2251,BTS_TSA,GFGN,NAICS_2012_Code,92111,,
2252,BTS_TSA,GSLG,NAICS_2012_Code,921110,,
2253,BTS_TSA,GFGN,NAICS_2012_Code,921110,,
2254,BTS_TSA,GSLG,NAICS_2012_Code,92112,,
2255,BTS_TSA,GFGN,NAICS_2012_Code,92112,,
2256,BTS_TSA,GSLG,NAICS_2012_Code,921120,,
2257,BTS_TSA,GFGN,NAICS_2012_Code,921120,,
2258,BTS_TSA,GSLG,NAICS_2012_Code,92113,,
2259,BTS_TSA,GFGN,NAICS_2012_Code,92113,,
2260,BTS_TSA,GSLG,NAICS_2012_Code,921130,,
2261,BTS_TSA,GFGN,NAICS_2012_Code,921130,,
2262,BTS_TSA,GSLG,NAICS_2012_Code,92114,,
2263,BTS_TSA,GFGN,NAICS_2012_Code,92114,,
2264,BTS_TSA,GSLG,NAICS_2012_Code,921140,,
2265,BTS_TSA,GFGN,NAICS_2012_Code,921140,,
2266,BTS_TSA,GSLG,NAICS_2012_Code,92115,,
2267,BTS_TSA,GSLG,NAICS_2012_Code,921150,,
2268,BTS_TSA,GSLG,NAICS_2012_Code,92119,,
2269,BTS_TSA,GFGN,NAICS_2012_Code,92119,,
2270,BTS_TSA,GSLG,NAICS_2012_Code,921190,,
2271,BTS_TSA,GFGN,NAICS_2012_Code,921190,,
2275,BTS_TSA,GSLG,NAICS_2012_Code,9221,,
2276,BTS_TSA,GFE,NAICS_2012_Code,9221,,
2277,BTS_TSA,GSLE,NAICS_2012_Code,9221,,
2278,BTS_TSA,GFGN,NAICS_2012_Code,9221,,
2279,BTS_TSA,GSLG,NAICS_2012_Code,92211,,
2280,BTS_TSA,GFGN,NAICS_2012_Code,92211,,
2281,BTS_TSA,GSLG,NAICS_2012_Code,922110,,
2282,BTS_TSA,GFGN,NAICS_2012_Code,922110,,
2283,BTS_TSA,GSLG,NAICS_2012_Code,92212,,
2284,BTS_TSA,GFE,NAICS_2012_Code,92212,,
2285,BTS_TSA,GSLE,NAICS_2012_Code,92212,,
2286,BTS_TSA,GFGN,NAICS_2012_Code,92212,,
2287,BTS_TSA,GSLG,NAICS_2012_Code,922120,,
2288,BTS_TSA,GFGN,NAICS_2012_Code,922120,,
2289,BTS_TSA,GSLG,NAICS_2012_Code,92213,,
2290,BTS_TSA,GFGN,NAICS_2012_Code,92213,,
2291,BTS_TSA,GSLG,NAICS_2012_Code,922130,,
2292,BTS_TSA,GFGN,NAICS_2012_Code,922130,,
2293,BTS_TSA,GSLG,NAICS_2012_Code,92214,,
2294,BTS_TSA,GFE,NAICS_2012_Code,92214,,
2295,BTS_TSA,GSLE,NAICS_2012_Code,92214,,
2296,BTS_TSA,GFGN,NAICS_2012_Code,92214,,
2297,BTS_TSA,GSLG,NAICS_2012_Code,922140,,
2298,BTS_TSA,GFGN,NAICS_2012_Code,922140,,
2299,BTS_TSA,GSLG,NAICS_2012_Code,92215,,
2300,BTS_TSA,GFGN,NAICS_2012_Code,92215,,
2301,BTS_TSA,GSLG,NAICS_2012_Code,922150,,
2302,BTS_TSA,GFGN,NAICS_2012_Code,922150,,
2303,BTS_TSA,GSLG,NAICS_2012_Code,92216,,
2304,BTS_TSA,GSLE,NAICS_2012_Code,92216,,
2305,BTS_TSA,GSLG,NAICS_2012_Code,922160,,
2306,BTS_TSA,GFGN,NAICS_2012_Code,922160,,
2307,BTS_TSA,GSLG,NAICS_2012_Code,92219,,
2308,BTS_TSA,GFGN,NAICS_2012_Code,92219,,
2309,BTS_TSA,GSLG,NAICS_2012_Code,922190,,
2310,BTS_TSA,GFGN,NAICS_2012_Code,922190,,
2313,BTS_TSA,GSLG,NAICS_2012_Code,9231,,
2314,BTS_TSA,GFGN,NAICS_2012_Code,9231,,
2315,BTS_TSA,GSLG,NAICS_2012_Code,92311,,
2316,BTS_TSA,GFGN,NAICS_2012_Code,92311,,
2317,BTS_TSA,GSLG,NAICS_2012_Code,923110,,
2318,BTS_TSA,GFGN,NAICS_2012_Code,923110,,
2319,BTS_TSA,GSLG,NAICS_2012_Code,92312,,
2320,BTS_TSA,GFGN,NAICS_2012_Code,92312,,
2321,BTS_TSA,GSLG,NAICS_2012_Code,923120,,
2322,BTS_TSA,GFGN,NAICS_2012_Code,923120,,
2323,BTS_TSA,GSLG,NAICS_2012_Code,92313,,
2324,BTS_TSA,GFGN,NAICS_2012_Code,92313,,
2325,BTS_TSA,GSLG,NAICS_2012_Code,923130,,
2326,BTS_TSA,GFGN,NAICS_2012_Code,923130,,
2327,BTS_TSA,GFGN,NAICS_2012_Code,92314,,
2328,BTS_TSA,GFGN,NAICS_2012_Code,923140,,
2331,BTS_TSA,GSLG,NAICS_2012_Code,9241,,
2332,BTS_TSA,GFGN,NAICS_2012_Code,9241,,
2333,BTS_TSA,GSLG,NAICS_2012_Code,92411,,
2334,BTS_TSA,GFGN,NAICS_2012_Code,92411,,
2335,BTS_TSA,GSLG,NAICS_2012_Code,924110,,
2336,BTS_TSA,GFGN,NAICS_2012_Code,924110,,
2337,BTS_TSA,GSLG,NAICS_2012_Code,92412,,
2338,BTS_TSA,GFGN,NAICS_2012_Code,92412,,
2339,BTS_TSA,GSLG,NAICS_2012_Code,924120,,
2340,BTS_TSA,GFGN,NAICS_2012_Code,924120,,
2343,BTS_TSA,GSLG,NAICS_2012_Code,9251,,
2344,BTS_TSA,GFGN,NAICS_2012_Code,9251,,
2345,BTS_TSA,GSLG,NAICS_2012_Code,92511,,
2346,BTS_TSA,GFGN,NAICS_2012_Code,92511,,
2347,BTS_TSA,GSLG,NAICS_2012_Code,925110,,
2348,BTS_TSA,GFGN,NAICS_2012_Code,925110,,
2349,BTS_TSA,GSLG,NAICS_2012_Code,92512,,
2350,BTS_TSA,GFGN,NAICS_2012_Code,92512,,
2351,BTS_TSA,GSLG,NAICS_2012_Code,925120,,
2352,BTS_TSA,GFGN,NAICS_2012_Code,925120,,
2355,BTS_TSA,GSLG,NAICS_2012_Code,9261,,
2356,BTS_TSA,GFGN,NAICS_2012_Code,9261,,
2357,BTS_TSA,GSLG,NAICS_2012_Code,92611,,
2358,BTS_TSA,GFGN,NAICS_2012_Code,92611,,
2359,BTS_TSA,GSLG,NAICS_2012_Code,926110,,
2360,BTS_TSA,GFGN,NAICS_2012_Code,926110,,
2361,BTS_TSA,GFGN,NAICS_2012_Code,92612,,
2362,BTS_TSA,GSLG,NAICS_2012_Code,926120,,
2363,BTS_TSA,GSLG,NAICS_2012_Code,92613,,
2364,BTS_TSA,GFGN,NAICS_2012_Code,92613,,
2365,BTS_TSA,GSLG,NAICS_2012_Code,926130,,
2366,BTS_TSA,GFGN,NAICS_2012_Code,926130,,
2367,BTS_TSA,GSLG,NAICS_2012_Code,92614,,
2368,BTS_TSA,GFGN,NAICS_2012_Code,92614,,
2369,BTS_TSA,GSLG,NAICS_2012_Code,926140,,
2370,BTS_TSA,GFGN,NAICS_2012_Code,926140,,
2371,BTS_TSA,GSLG,NAICS_2012_Code,92615,,
2372,BTS_TSA,GFGN,NAICS_2012_Code,92615,,
2373,BTS_TSA,GSLG,NAICS_2012_Code,926150,,
2374,BTS_TSA,GFGN,NAICS_2012_Code,926150,,
2375,BTS_TSA,GFE,NAICS_2012_Code,927,,
2376,BTS_TSA,GFE,NAICS_2012_Code,9271,,
2377,BTS_TSA,GFE,NAICS_2012_Code,92711,,
2378,BTS_TSA,GFE,NAICS_2012_Code,927110,,
2381,BTS_TSA,GFGD,NAICS_2012_Code,9281,,
2382,BTS_TSA,GFGN,NAICS_2012_Code,9281,,
2383,BTS_TSA,GFGD,NAICS_2012_Code,92811,,
2384,BTS_TSA,GFGD,NAICS_2012_Code,928110,,
2385,BTS_TSA,GFGN,NAICS_2012_Code,92812,,
2386,BTS_TSA,GFGN,NAICS_2012_Code,928120,,
2387,BTS_TSA,F010,NAICS_2012_Code,F010,,
2388,BTS_TSA,F010,NAICS_2012_Code,F01000,,
2389,BTS_TSA,GFE,NAICS_2012_Code,S00101,,
2390,BTS_TSA,GSLE,NAICS_2012_Code,S00201,,
2391,BTS_TSA,GSLE,NAICS_2012_Code,S00202,,
